raw_ref,notice_id,disposition,reason_code
raw/page-0001.json#/notices/0,681454-2026,selected,
raw/page-0001.json#/notices/1,681365-2026,selected,
raw/page-0001.json#/notices/2,681364-2026,selected,
raw/page-0001.json#/notices/3,681354-2026,selected,
raw/page-0001.json#/notices/4,681292-2026,selected,
raw/page-0001.json#/notices/5,681208-2026,selected,
raw/page-0001.json#/notices/6,681163-2026,selected,
raw/page-0001.json#/notices/7,681142-2026,selected,
raw/page-0001.json#/notices/8,681086-2026,selected,
raw/page-0001.json#/notices/9,681070-2026,selected,
raw/page-0001.json#/notices/10,681040-2026,selected,
raw/page-0001.json#/notices/11,681026-2026,selected,
raw/page-0001.json#/notices/12,681021-2026,selected,
raw/page-0001.json#/notices/13,681005-2026,selected,
raw/page-0001.json#/notices/14,680994-2026,selected,
raw/page-0001.json#/notices/15,680978-2026,selected,
raw/page-0001.json#/notices/16,680890-2026,selected,
raw/page-0001.json#/notices/17,680882-2026,selected,
raw/page-0001.json#/notices/18,680840-2026,selected,
raw/page-0001.json#/notices/19,680827-2026,selected,
raw/page-0001.json#/notices/20,680780-2026,selected,
raw/page-0001.json#/notices/21,680771-2026,selected,
raw/page-0001.json#/notices/22,680680-2026,selected,
raw/page-0001.json#/notices/23,680674-2026,selected,
raw/page-0001.json#/notices/24,680664-2026,selected,
raw/page-0001.json#/notices/25,680648-2026,selected,
raw/page-0001.json#/notices/26,680601-2026,selected,
raw/page-0001.json#/notices/27,680600-2026,selected,
raw/page-0001.json#/notices/28,680570-2026,selected,
raw/page-0001.json#/notices/29,680545-2026,selected,
raw/page-0001.json#/notices/30,680535-2026,selected,
raw/page-0001.json#/notices/31,680495-2026,selected,
raw/page-0001.json#/notices/32,680491-2026,selected,
raw/page-0001.json#/notices/33,680467-2026,selected,
raw/page-0001.json#/notices/34,680448-2026,selected,
raw/page-0001.json#/notices/35,680426-2026,selected,
raw/page-0001.json#/notices/36,680410-2026,selected,
raw/page-0001.json#/notices/37,680392-2026,selected,
raw/page-0001.json#/notices/38,680342-2026,selected,
raw/page-0001.json#/notices/39,680321-2026,selected,
raw/page-0001.json#/notices/40,680279-2026,selected,
raw/page-0001.json#/notices/41,680245-2026,selected,
raw/page-0001.json#/notices/42,680243-2026,selected,
raw/page-0001.json#/notices/43,680211-2026,selected,
raw/page-0001.json#/notices/44,680202-2026,selected,
raw/page-0001.json#/notices/45,680200-2026,selected,
raw/page-0001.json#/notices/46,680188-2026,selected,
raw/page-0001.json#/notices/47,680181-2026,selected,
raw/page-0001.json#/notices/48,680176-2026,selected,
raw/page-0001.json#/notices/49,680133-2026,selected,
raw/page-0001.json#/notices/50,680115-2026,selected,
raw/page-0001.json#/notices/51,680114-2026,selected,
raw/page-0001.json#/notices/52,680069-2026,selected,
raw/page-0001.json#/notices/53,680049-2026,selected,
raw/page-0001.json#/notices/54,680008-2026,selected,
raw/page-0001.json#/notices/55,679994-2026,selected,
raw/page-0001.json#/notices/56,679940-2026,selected,
raw/page-0001.json#/notices/57,679928-2026,selected,
raw/page-0001.json#/notices/58,679927-2026,selected,
raw/page-0001.json#/notices/59,679903-2026,selected,
raw/page-0001.json#/notices/60,679865-2026,selected,
raw/page-0001.json#/notices/61,679861-2026,selected,
raw/page-0001.json#/notices/62,679855-2026,selected,
raw/page-0001.json#/notices/63,679826-2026,selected,
raw/page-0001.json#/notices/64,679814-2026,selected,
raw/page-0001.json#/notices/65,679791-2026,selected,
raw/page-0001.json#/notices/66,679758-2026,selected,
raw/page-0001.json#/notices/67,679755-2026,selected,
raw/page-0001.json#/notices/68,679743-2026,selected,
raw/page-0001.json#/notices/69,679737-2026,selected,
raw/page-0001.json#/notices/70,679728-2026,selected,
raw/page-0001.json#/notices/71,679721-2026,selected,
raw/page-0001.json#/notices/72,679716-2026,selected,
raw/page-0001.json#/notices/73,679684-2026,selected,
raw/page-0001.json#/notices/74,679646-2026,selected,
raw/page-0001.json#/notices/75,679624-2026,selected,
raw/page-0001.json#/notices/76,679620-2026,selected,
raw/page-0001.json#/notices/77,679511-2026,selected,
raw/page-0001.json#/notices/78,679509-2026,selected,
raw/page-0001.json#/notices/79,679425-2026,selected,
raw/page-0001.json#/notices/80,679387-2026,selected,
raw/page-0001.json#/notices/81,679386-2026,selected,
raw/page-0001.json#/notices/82,679367-2026,selected,
raw/page-0001.json#/notices/83,679336-2026,selected,
raw/page-0001.json#/notices/84,679309-2026,selected,
raw/page-0001.json#/notices/85,679302-2026,selected,
raw/page-0001.json#/notices/86,679277-2026,selected,
raw/page-0001.json#/notices/87,679256-2026,selected,
raw/page-0001.json#/notices/88,679248-2026,selected,
raw/page-0001.json#/notices/89,679245-2026,selected,
raw/page-0001.json#/notices/90,679198-2026,selected,
raw/page-0001.json#/notices/91,679187-2026,selected,
raw/page-0001.json#/notices/92,679183-2026,selected,
raw/page-0001.json#/notices/93,679176-2026,selected,
raw/page-0001.json#/notices/94,679103-2026,selected,
raw/page-0001.json#/notices/95,679092-2026,selected,
raw/page-0001.json#/notices/96,679076-2026,selected,
raw/page-0001.json#/notices/97,679058-2026,selected,
raw/page-0001.json#/notices/98,679055-2026,selected,
raw/page-0001.json#/notices/99,679048-2026,selected,
raw/page-0001.json#/notices/100,679042-2026,selected,
raw/page-0001.json#/notices/101,678914-2026,selected,
raw/page-0001.json#/notices/102,678896-2026,selected,
raw/page-0001.json#/notices/103,678884-2026,selected,
raw/page-0001.json#/notices/104,678852-2026,selected,
raw/page-0001.json#/notices/105,678842-2026,selected,
raw/page-0001.json#/notices/106,678831-2026,selected,
raw/page-0001.json#/notices/107,678766-2026,selected,
raw/page-0001.json#/notices/108,678689-2026,selected,
raw/page-0001.json#/notices/109,678688-2026,selected,
raw/page-0001.json#/notices/110,678686-2026,selected,
raw/page-0001.json#/notices/111,678661-2026,selected,
raw/page-0001.json#/notices/112,678654-2026,selected,
raw/page-0001.json#/notices/113,678619-2026,selected,
raw/page-0001.json#/notices/114,678598-2026,selected,
raw/page-0001.json#/notices/115,678565-2026,selected,
raw/page-0001.json#/notices/116,678549-2026,selected,
raw/page-0001.json#/notices/117,678546-2026,selected,
raw/page-0001.json#/notices/118,678524-2026,selected,
raw/page-0001.json#/notices/119,678491-2026,selected,
raw/page-0001.json#/notices/120,678470-2026,selected,
raw/page-0001.json#/notices/121,678456-2026,selected,
raw/page-0001.json#/notices/122,678444-2026,selected,
raw/page-0001.json#/notices/123,678440-2026,selected,
raw/page-0001.json#/notices/124,678437-2026,selected,
raw/page-0001.json#/notices/125,678431-2026,selected,
raw/page-0001.json#/notices/126,678413-2026,selected,
raw/page-0001.json#/notices/127,678388-2026,selected,
raw/page-0001.json#/notices/128,678328-2026,selected,
raw/page-0001.json#/notices/129,678290-2026,selected,
raw/page-0001.json#/notices/130,678285-2026,selected,
raw/page-0001.json#/notices/131,678284-2026,selected,
raw/page-0001.json#/notices/132,678271-2026,selected,
raw/page-0001.json#/notices/133,678249-2026,selected,
raw/page-0001.json#/notices/134,678248-2026,selected,
raw/page-0001.json#/notices/135,678226-2026,selected,
raw/page-0001.json#/notices/136,678204-2026,selected,
raw/page-0001.json#/notices/137,678176-2026,selected,
raw/page-0001.json#/notices/138,678174-2026,selected,
raw/page-0001.json#/notices/139,678157-2026,selected,
raw/page-0001.json#/notices/140,678142-2026,selected,
raw/page-0001.json#/notices/141,678039-2026,selected,
raw/page-0001.json#/notices/142,678030-2026,selected,
raw/page-0001.json#/notices/143,678011-2026,selected,
raw/page-0001.json#/notices/144,677951-2026,selected,
raw/page-0001.json#/notices/145,677919-2026,selected,
raw/page-0001.json#/notices/146,677895-2026,selected,
raw/page-0001.json#/notices/147,677882-2026,selected,
raw/page-0001.json#/notices/148,677876-2026,selected,
raw/page-0001.json#/notices/149,677858-2026,selected,
raw/page-0001.json#/notices/150,677856-2026,selected,
raw/page-0001.json#/notices/151,677836-2026,selected,
raw/page-0001.json#/notices/152,677828-2026,selected,
raw/page-0001.json#/notices/153,677811-2026,selected,
raw/page-0001.json#/notices/154,677790-2026,selected,
raw/page-0001.json#/notices/155,677777-2026,selected,
raw/page-0001.json#/notices/156,677763-2026,selected,
raw/page-0001.json#/notices/157,677721-2026,selected,
raw/page-0001.json#/notices/158,677668-2026,selected,
raw/page-0001.json#/notices/159,677656-2026,selected,
raw/page-0001.json#/notices/160,677602-2026,selected,
raw/page-0001.json#/notices/161,677597-2026,selected,
raw/page-0001.json#/notices/162,677519-2026,selected,
raw/page-0001.json#/notices/163,677490-2026,selected,
raw/page-0001.json#/notices/164,677488-2026,selected,
raw/page-0001.json#/notices/165,677482-2026,selected,
raw/page-0001.json#/notices/166,677478-2026,selected,
raw/page-0001.json#/notices/167,677477-2026,selected,
raw/page-0001.json#/notices/168,677465-2026,selected,
raw/page-0001.json#/notices/169,677417-2026,selected,
raw/page-0001.json#/notices/170,677392-2026,selected,
raw/page-0001.json#/notices/171,677386-2026,selected,
raw/page-0001.json#/notices/172,677360-2026,selected,
raw/page-0001.json#/notices/173,677357-2026,selected,
raw/page-0001.json#/notices/174,677345-2026,selected,
raw/page-0001.json#/notices/175,677343-2026,selected,
raw/page-0001.json#/notices/176,677320-2026,selected,
raw/page-0001.json#/notices/177,677313-2026,selected,
raw/page-0001.json#/notices/178,677296-2026,selected,
raw/page-0001.json#/notices/179,677274-2026,selected,
raw/page-0001.json#/notices/180,677271-2026,selected,
raw/page-0001.json#/notices/181,677269-2026,selected,
raw/page-0001.json#/notices/182,677233-2026,selected,
raw/page-0001.json#/notices/183,677227-2026,selected,
raw/page-0001.json#/notices/184,677186-2026,selected,
raw/page-0001.json#/notices/185,677185-2026,selected,
raw/page-0001.json#/notices/186,677174-2026,selected,
raw/page-0001.json#/notices/187,677089-2026,selected,
raw/page-0001.json#/notices/188,677074-2026,selected,
raw/page-0001.json#/notices/189,676930-2026,selected,
raw/page-0001.json#/notices/190,676889-2026,selected,
raw/page-0001.json#/notices/191,676880-2026,selected,
raw/page-0001.json#/notices/192,676856-2026,selected,
raw/page-0001.json#/notices/193,676819-2026,selected,
raw/page-0001.json#/notices/194,676788-2026,selected,
raw/page-0001.json#/notices/195,676778-2026,selected,
raw/page-0001.json#/notices/196,676777-2026,selected,
raw/page-0001.json#/notices/197,676745-2026,selected,
raw/page-0001.json#/notices/198,676741-2026,selected,
raw/page-0001.json#/notices/199,676667-2026,selected,
raw/page-0001.json#/notices/200,676645-2026,selected,
raw/page-0001.json#/notices/201,676609-2026,selected,
raw/page-0001.json#/notices/202,676603-2026,selected,
raw/page-0001.json#/notices/203,676539-2026,selected,
raw/page-0001.json#/notices/204,676520-2026,selected,
raw/page-0001.json#/notices/205,676503-2026,selected,
raw/page-0001.json#/notices/206,676464-2026,selected,
raw/page-0001.json#/notices/207,676458-2026,selected,
raw/page-0001.json#/notices/208,676457-2026,selected,
raw/page-0001.json#/notices/209,676412-2026,selected,
raw/page-0001.json#/notices/210,676407-2026,selected,
raw/page-0001.json#/notices/211,676361-2026,selected,
raw/page-0001.json#/notices/212,676339-2026,selected,
raw/page-0001.json#/notices/213,676309-2026,selected,
raw/page-0001.json#/notices/214,676279-2026,selected,
raw/page-0001.json#/notices/215,676233-2026,selected,
raw/page-0001.json#/notices/216,676179-2026,uncertain,INVALID_VALUE
raw/page-0001.json#/notices/217,676178-2026,selected,
raw/page-0001.json#/notices/218,676163-2026,selected,
raw/page-0001.json#/notices/219,676150-2026,selected,
raw/page-0001.json#/notices/220,676146-2026,selected,
raw/page-0001.json#/notices/221,676133-2026,selected,
raw/page-0001.json#/notices/222,676112-2026,selected,
raw/page-0001.json#/notices/223,676101-2026,selected,
raw/page-0001.json#/notices/224,676083-2026,selected,
raw/page-0001.json#/notices/225,676037-2026,selected,
raw/page-0001.json#/notices/226,675926-2026,selected,
raw/page-0001.json#/notices/227,675892-2026,selected,
raw/page-0001.json#/notices/228,675878-2026,selected,
raw/page-0001.json#/notices/229,675869-2026,selected,
raw/page-0001.json#/notices/230,675844-2026,selected,
raw/page-0001.json#/notices/231,675777-2026,selected,
raw/page-0001.json#/notices/232,675744-2026,selected,
raw/page-0001.json#/notices/233,675730-2026,selected,
raw/page-0001.json#/notices/234,675709-2026,selected,
raw/page-0001.json#/notices/235,675665-2026,selected,
raw/page-0001.json#/notices/236,675652-2026,selected,
raw/page-0001.json#/notices/237,675619-2026,selected,
raw/page-0001.json#/notices/238,675616-2026,selected,
raw/page-0001.json#/notices/239,675598-2026,selected,
raw/page-0001.json#/notices/240,675567-2026,selected,
raw/page-0001.json#/notices/241,675508-2026,selected,
raw/page-0001.json#/notices/242,675507-2026,uncertain,INVALID_VALUE
raw/page-0001.json#/notices/243,675494-2026,selected,
raw/page-0001.json#/notices/244,675460-2026,selected,
raw/page-0001.json#/notices/245,675416-2026,selected,
raw/page-0001.json#/notices/246,675397-2026,selected,
raw/page-0001.json#/notices/247,675389-2026,selected,
raw/page-0001.json#/notices/248,675385-2026,selected,
raw/page-0001.json#/notices/249,675366-2026,selected,
raw/page-0002.json#/notices/0,675333-2026,selected,
raw/page-0002.json#/notices/1,675298-2026,selected,
raw/page-0002.json#/notices/2,675293-2026,selected,
raw/page-0002.json#/notices/3,675290-2026,selected,
raw/page-0002.json#/notices/4,675288-2026,selected,
raw/page-0002.json#/notices/5,675275-2026,selected,
raw/page-0002.json#/notices/6,675251-2026,selected,
raw/page-0002.json#/notices/7,675238-2026,selected,
raw/page-0002.json#/notices/8,675226-2026,selected,
raw/page-0002.json#/notices/9,675207-2026,selected,
raw/page-0002.json#/notices/10,675135-2026,selected,
raw/page-0002.json#/notices/11,675112-2026,selected,
raw/page-0002.json#/notices/12,675102-2026,selected,
raw/page-0002.json#/notices/13,675067-2026,selected,
raw/page-0002.json#/notices/14,675066-2026,selected,
raw/page-0002.json#/notices/15,675053-2026,selected,
raw/page-0002.json#/notices/16,674924-2026,selected,
raw/page-0002.json#/notices/17,674875-2026,selected,
raw/page-0002.json#/notices/18,674831-2026,selected,
raw/page-0002.json#/notices/19,674818-2026,selected,
raw/page-0002.json#/notices/20,674800-2026,selected,
raw/page-0002.json#/notices/21,674789-2026,selected,
raw/page-0002.json#/notices/22,674726-2026,selected,
raw/page-0002.json#/notices/23,674691-2026,selected,
raw/page-0002.json#/notices/24,674672-2026,selected,
raw/page-0002.json#/notices/25,674651-2026,selected,
raw/page-0002.json#/notices/26,674579-2026,selected,
raw/page-0002.json#/notices/27,674551-2026,selected,
raw/page-0002.json#/notices/28,674453-2026,selected,
raw/page-0002.json#/notices/29,674450-2026,selected,
raw/page-0002.json#/notices/30,674448-2026,selected,
raw/page-0002.json#/notices/31,674432-2026,selected,
raw/page-0002.json#/notices/32,674374-2026,selected,
raw/page-0002.json#/notices/33,674346-2026,selected,
raw/page-0002.json#/notices/34,674254-2026,selected,
raw/page-0002.json#/notices/35,674236-2026,selected,
raw/page-0002.json#/notices/36,674231-2026,selected,
raw/page-0002.json#/notices/37,674214-2026,selected,
raw/page-0002.json#/notices/38,674187-2026,selected,
raw/page-0002.json#/notices/39,674137-2026,selected,
raw/page-0002.json#/notices/40,674006-2026,selected,
raw/page-0002.json#/notices/41,673979-2026,selected,
raw/page-0002.json#/notices/42,673963-2026,selected,
raw/page-0002.json#/notices/43,673904-2026,selected,
raw/page-0002.json#/notices/44,673795-2026,selected,
raw/page-0002.json#/notices/45,673777-2026,selected,
raw/page-0002.json#/notices/46,673693-2026,selected,
raw/page-0002.json#/notices/47,673686-2026,selected,
raw/page-0002.json#/notices/48,673676-2026,selected,
raw/page-0002.json#/notices/49,673624-2026,selected,
raw/page-0002.json#/notices/50,673612-2026,selected,
raw/page-0002.json#/notices/51,673601-2026,selected,
raw/page-0002.json#/notices/52,673575-2026,not_selected,
raw/page-0002.json#/notices/53,673530-2026,not_selected,
raw/page-0002.json#/notices/54,673505-2026,not_selected,
raw/page-0002.json#/notices/55,673470-2026,not_selected,
raw/page-0002.json#/notices/56,673454-2026,not_selected,
raw/page-0002.json#/notices/57,673449-2026,not_selected,
raw/page-0002.json#/notices/58,673441-2026,uncertain,INVALID_VALUE
raw/page-0002.json#/notices/59,673355-2026,not_selected,
raw/page-0002.json#/notices/60,673269-2026,not_selected,
raw/page-0002.json#/notices/61,673123-2026,not_selected,
raw/page-0002.json#/notices/62,673092-2026,not_selected,
raw/page-0002.json#/notices/63,673089-2026,not_selected,
raw/page-0002.json#/notices/64,673040-2026,not_selected,
raw/page-0002.json#/notices/65,673028-2026,not_selected,
raw/page-0002.json#/notices/66,673022-2026,not_selected,
raw/page-0002.json#/notices/67,673002-2026,not_selected,
raw/page-0002.json#/notices/68,672981-2026,not_selected,
raw/page-0002.json#/notices/69,672964-2026,not_selected,
raw/page-0002.json#/notices/70,672959-2026,uncertain,INVALID_VALUE
raw/page-0002.json#/notices/71,672954-2026,not_selected,
raw/page-0002.json#/notices/72,672902-2026,not_selected,
raw/page-0002.json#/notices/73,672873-2026,not_selected,
raw/page-0002.json#/notices/74,672862-2026,uncertain,INVALID_VALUE
raw/page-0002.json#/notices/75,672826-2026,not_selected,
raw/page-0002.json#/notices/76,672789-2026,not_selected,
raw/page-0002.json#/notices/77,672773-2026,not_selected,
raw/page-0002.json#/notices/78,672767-2026,not_selected,
raw/page-0002.json#/notices/79,672760-2026,not_selected,
raw/page-0002.json#/notices/80,672755-2026,not_selected,
raw/page-0002.json#/notices/81,672719-2026,not_selected,
raw/page-0002.json#/notices/82,672677-2026,not_selected,
raw/page-0002.json#/notices/83,672669-2026,not_selected,
raw/page-0002.json#/notices/84,672666-2026,not_selected,
raw/page-0002.json#/notices/85,672664-2026,not_selected,
raw/page-0002.json#/notices/86,672641-2026,not_selected,
raw/page-0002.json#/notices/87,672553-2026,not_selected,
raw/page-0002.json#/notices/88,672530-2026,not_selected,
raw/page-0002.json#/notices/89,672491-2026,not_selected,
raw/page-0002.json#/notices/90,672478-2026,not_selected,
raw/page-0002.json#/notices/91,672466-2026,uncertain,INVALID_VALUE
raw/page-0002.json#/notices/92,672462-2026,not_selected,
raw/page-0002.json#/notices/93,672448-2026,not_selected,
raw/page-0002.json#/notices/94,672414-2026,not_selected,
raw/page-0002.json#/notices/95,672376-2026,not_selected,
raw/page-0002.json#/notices/96,672356-2026,not_selected,
raw/page-0002.json#/notices/97,672346-2026,not_selected,
raw/page-0002.json#/notices/98,672326-2026,not_selected,
raw/page-0002.json#/notices/99,672310-2026,not_selected,
raw/page-0002.json#/notices/100,672308-2026,not_selected,
raw/page-0002.json#/notices/101,672294-2026,not_selected,
raw/page-0002.json#/notices/102,672248-2026,not_selected,
raw/page-0002.json#/notices/103,672140-2026,not_selected,
raw/page-0002.json#/notices/104,672110-2026,not_selected,
raw/page-0002.json#/notices/105,672071-2026,not_selected,
raw/page-0002.json#/notices/106,672066-2026,not_selected,
raw/page-0002.json#/notices/107,672047-2026,not_selected,
raw/page-0002.json#/notices/108,672036-2026,not_selected,
raw/page-0002.json#/notices/109,671949-2026,not_selected,
raw/page-0002.json#/notices/110,671947-2026,not_selected,
raw/page-0002.json#/notices/111,671898-2026,not_selected,
raw/page-0002.json#/notices/112,671890-2026,not_selected,
raw/page-0002.json#/notices/113,671850-2026,not_selected,
raw/page-0002.json#/notices/114,671835-2026,not_selected,
raw/page-0002.json#/notices/115,671824-2026,not_selected,
raw/page-0002.json#/notices/116,671807-2026,not_selected,
raw/page-0002.json#/notices/117,671793-2026,not_selected,
raw/page-0002.json#/notices/118,671775-2026,not_selected,
raw/page-0002.json#/notices/119,671752-2026,not_selected,
raw/page-0002.json#/notices/120,671733-2026,not_selected,
raw/page-0002.json#/notices/121,671728-2026,not_selected,
raw/page-0002.json#/notices/122,671666-2026,not_selected,
raw/page-0002.json#/notices/123,671624-2026,not_selected,
raw/page-0002.json#/notices/124,671603-2026,not_selected,
raw/page-0002.json#/notices/125,671596-2026,not_selected,
raw/page-0002.json#/notices/126,671547-2026,not_selected,
raw/page-0002.json#/notices/127,671545-2026,not_selected,
raw/page-0002.json#/notices/128,671523-2026,not_selected,
raw/page-0002.json#/notices/129,671489-2026,not_selected,
raw/page-0002.json#/notices/130,671443-2026,not_selected,
raw/page-0002.json#/notices/131,671369-2026,not_selected,
raw/page-0002.json#/notices/132,671353-2026,not_selected,
raw/page-0002.json#/notices/133,671312-2026,not_selected,
raw/page-0002.json#/notices/134,671297-2026,not_selected,
raw/page-0002.json#/notices/135,671284-2026,not_selected,
raw/page-0002.json#/notices/136,671277-2026,not_selected,
raw/page-0002.json#/notices/137,671245-2026,not_selected,
raw/page-0002.json#/notices/138,671227-2026,not_selected,
raw/page-0002.json#/notices/139,671205-2026,not_selected,
raw/page-0002.json#/notices/140,671129-2026,not_selected,
raw/page-0002.json#/notices/141,671114-2026,not_selected,
raw/page-0002.json#/notices/142,671111-2026,not_selected,
raw/page-0002.json#/notices/143,671099-2026,not_selected,
raw/page-0002.json#/notices/144,671088-2026,not_selected,
raw/page-0002.json#/notices/145,671017-2026,not_selected,
raw/page-0002.json#/notices/146,671005-2026,not_selected,
raw/page-0002.json#/notices/147,670976-2026,not_selected,
raw/page-0002.json#/notices/148,670973-2026,not_selected,
raw/page-0002.json#/notices/149,670968-2026,not_selected,
raw/page-0002.json#/notices/150,670920-2026,not_selected,
raw/page-0002.json#/notices/151,670871-2026,not_selected,
raw/page-0002.json#/notices/152,670841-2026,not_selected,
raw/page-0002.json#/notices/153,670813-2026,not_selected,
raw/page-0002.json#/notices/154,670811-2026,not_selected,
raw/page-0002.json#/notices/155,670797-2026,not_selected,
raw/page-0002.json#/notices/156,670787-2026,not_selected,
raw/page-0002.json#/notices/157,670742-2026,not_selected,
raw/page-0002.json#/notices/158,670727-2026,not_selected,
raw/page-0002.json#/notices/159,670711-2026,not_selected,
raw/page-0002.json#/notices/160,670706-2026,not_selected,
raw/page-0002.json#/notices/161,670675-2026,not_selected,
raw/page-0002.json#/notices/162,670669-2026,not_selected,
raw/page-0002.json#/notices/163,670666-2026,not_selected,
raw/page-0002.json#/notices/164,670636-2026,not_selected,
raw/page-0002.json#/notices/165,670631-2026,not_selected,
raw/page-0002.json#/notices/166,670625-2026,not_selected,
raw/page-0002.json#/notices/167,670613-2026,uncertain,INVALID_VALUE
raw/page-0002.json#/notices/168,670555-2026,not_selected,
raw/page-0002.json#/notices/169,670452-2026,not_selected,
raw/page-0002.json#/notices/170,670355-2026,not_selected,
raw/page-0002.json#/notices/171,670347-2026,not_selected,
raw/page-0002.json#/notices/172,670342-2026,not_selected,
raw/page-0002.json#/notices/173,670332-2026,not_selected,
raw/page-0002.json#/notices/174,670320-2026,not_selected,
raw/page-0002.json#/notices/175,670290-2026,not_selected,
raw/page-0002.json#/notices/176,670250-2026,not_selected,
raw/page-0002.json#/notices/177,670238-2026,not_selected,
raw/page-0002.json#/notices/178,670211-2026,not_selected,
raw/page-0002.json#/notices/179,670185-2026,not_selected,
raw/page-0002.json#/notices/180,670171-2026,not_selected,
raw/page-0002.json#/notices/181,670132-2026,not_selected,
raw/page-0002.json#/notices/182,670124-2026,not_selected,
raw/page-0002.json#/notices/183,670080-2026,not_selected,
raw/page-0002.json#/notices/184,670074-2026,not_selected,
raw/page-0002.json#/notices/185,670025-2026,not_selected,
raw/page-0002.json#/notices/186,670003-2026,not_selected,
raw/page-0002.json#/notices/187,669861-2026,not_selected,
raw/page-0002.json#/notices/188,669855-2026,not_selected,
raw/page-0002.json#/notices/189,669839-2026,not_selected,
raw/page-0002.json#/notices/190,669829-2026,not_selected,
raw/page-0002.json#/notices/191,669810-2026,not_selected,
raw/page-0002.json#/notices/192,669705-2026,not_selected,
raw/page-0002.json#/notices/193,669694-2026,not_selected,
raw/page-0002.json#/notices/194,669650-2026,not_selected,
raw/page-0002.json#/notices/195,669648-2026,not_selected,
raw/page-0002.json#/notices/196,669644-2026,not_selected,
raw/page-0002.json#/notices/197,669632-2026,not_selected,
raw/page-0002.json#/notices/198,669583-2026,not_selected,
raw/page-0002.json#/notices/199,669559-2026,not_selected,
raw/page-0002.json#/notices/200,669545-2026,not_selected,
raw/page-0002.json#/notices/201,669497-2026,not_selected,
raw/page-0002.json#/notices/202,669472-2026,not_selected,
raw/page-0002.json#/notices/203,669469-2026,not_selected,
raw/page-0002.json#/notices/204,669438-2026,not_selected,
raw/page-0002.json#/notices/205,669406-2026,not_selected,
raw/page-0002.json#/notices/206,669358-2026,not_selected,
raw/page-0002.json#/notices/207,669320-2026,not_selected,
raw/page-0002.json#/notices/208,669307-2026,not_selected,
raw/page-0002.json#/notices/209,669306-2026,not_selected,
raw/page-0002.json#/notices/210,669250-2026,not_selected,
raw/page-0002.json#/notices/211,669179-2026,not_selected,
raw/page-0002.json#/notices/212,669162-2026,not_selected,
raw/page-0002.json#/notices/213,669139-2026,not_selected,
raw/page-0002.json#/notices/214,669103-2026,not_selected,
raw/page-0002.json#/notices/215,669072-2026,not_selected,
raw/page-0002.json#/notices/216,669002-2026,not_selected,
raw/page-0002.json#/notices/217,668973-2026,not_selected,
raw/page-0002.json#/notices/218,668945-2026,not_selected,
raw/page-0002.json#/notices/219,668942-2026,not_selected,
raw/page-0002.json#/notices/220,668917-2026,not_selected,
raw/page-0002.json#/notices/221,668846-2026,not_selected,
raw/page-0002.json#/notices/222,668839-2026,not_selected,
raw/page-0002.json#/notices/223,668811-2026,not_selected,
raw/page-0002.json#/notices/224,668778-2026,not_selected,
raw/page-0002.json#/notices/225,668773-2026,not_selected,
raw/page-0002.json#/notices/226,668754-2026,not_selected,
raw/page-0002.json#/notices/227,668747-2026,not_selected,
raw/page-0002.json#/notices/228,668722-2026,not_selected,
raw/page-0002.json#/notices/229,668719-2026,not_selected,
raw/page-0002.json#/notices/230,668644-2026,not_selected,
raw/page-0002.json#/notices/231,668626-2026,not_selected,
raw/page-0002.json#/notices/232,668593-2026,not_selected,
raw/page-0002.json#/notices/233,668566-2026,not_selected,
raw/page-0002.json#/notices/234,668538-2026,not_selected,
raw/page-0002.json#/notices/235,668493-2026,not_selected,
raw/page-0002.json#/notices/236,668474-2026,not_selected,
raw/page-0002.json#/notices/237,668455-2026,not_selected,
raw/page-0002.json#/notices/238,668421-2026,not_selected,
raw/page-0002.json#/notices/239,668403-2026,not_selected,
raw/page-0002.json#/notices/240,668381-2026,not_selected,
raw/page-0002.json#/notices/241,668378-2026,not_selected,
raw/page-0002.json#/notices/242,668349-2026,not_selected,
raw/page-0002.json#/notices/243,668298-2026,not_selected,
raw/page-0002.json#/notices/244,668259-2026,not_selected,
raw/page-0002.json#/notices/245,668170-2026,not_selected,
raw/page-0002.json#/notices/246,668060-2026,not_selected,
raw/page-0002.json#/notices/247,667993-2026,not_selected,
raw/page-0002.json#/notices/248,667974-2026,not_selected,
raw/page-0002.json#/notices/249,667968-2026,not_selected,
raw/page-0003.json#/notices/0,667907-2026,not_selected,
raw/page-0003.json#/notices/1,667845-2026,not_selected,
raw/page-0003.json#/notices/2,667778-2026,not_selected,
raw/page-0003.json#/notices/3,667735-2026,not_selected,
raw/page-0003.json#/notices/4,667727-2026,not_selected,
raw/page-0003.json#/notices/5,667725-2026,not_selected,
raw/page-0003.json#/notices/6,667680-2026,not_selected,
raw/page-0003.json#/notices/7,667678-2026,not_selected,
raw/page-0003.json#/notices/8,667607-2026,not_selected,
raw/page-0003.json#/notices/9,667533-2026,not_selected,
raw/page-0003.json#/notices/10,667527-2026,not_selected,
raw/page-0003.json#/notices/11,667496-2026,not_selected,
raw/page-0003.json#/notices/12,667493-2026,not_selected,
raw/page-0003.json#/notices/13,667490-2026,not_selected,
raw/page-0003.json#/notices/14,667471-2026,not_selected,
raw/page-0003.json#/notices/15,667470-2026,not_selected,
raw/page-0003.json#/notices/16,667446-2026,not_selected,
raw/page-0003.json#/notices/17,667406-2026,not_selected,
raw/page-0003.json#/notices/18,667344-2026,not_selected,
raw/page-0003.json#/notices/19,667338-2026,not_selected,
raw/page-0003.json#/notices/20,667311-2026,not_selected,
raw/page-0003.json#/notices/21,667268-2026,not_selected,
raw/page-0003.json#/notices/22,667254-2026,not_selected,
raw/page-0003.json#/notices/23,667241-2026,not_selected,
raw/page-0003.json#/notices/24,667225-2026,not_selected,
raw/page-0003.json#/notices/25,667222-2026,not_selected,
raw/page-0003.json#/notices/26,667217-2026,not_selected,
raw/page-0003.json#/notices/27,667216-2026,not_selected,
raw/page-0003.json#/notices/28,667182-2026,not_selected,
raw/page-0003.json#/notices/29,667158-2026,not_selected,
raw/page-0003.json#/notices/30,667106-2026,not_selected,
raw/page-0003.json#/notices/31,667085-2026,not_selected,
raw/page-0003.json#/notices/32,667082-2026,not_selected,
raw/page-0003.json#/notices/33,667080-2026,not_selected,
raw/page-0003.json#/notices/34,667076-2026,not_selected,
raw/page-0003.json#/notices/35,666983-2026,not_selected,
raw/page-0003.json#/notices/36,666965-2026,not_selected,
raw/page-0003.json#/notices/37,666898-2026,not_selected,
raw/page-0003.json#/notices/38,666895-2026,not_selected,
raw/page-0003.json#/notices/39,666847-2026,not_selected,
raw/page-0003.json#/notices/40,666843-2026,not_selected,
raw/page-0003.json#/notices/41,666827-2026,not_selected,
raw/page-0003.json#/notices/42,666826-2026,not_selected,
raw/page-0003.json#/notices/43,666818-2026,not_selected,
raw/page-0003.json#/notices/44,666817-2026,not_selected,
raw/page-0003.json#/notices/45,666712-2026,not_selected,
raw/page-0003.json#/notices/46,666708-2026,not_selected,
raw/page-0003.json#/notices/47,666701-2026,not_selected,
raw/page-0003.json#/notices/48,666669-2026,not_selected,
raw/page-0003.json#/notices/49,666596-2026,not_selected,
raw/page-0003.json#/notices/50,666564-2026,not_selected,
raw/page-0003.json#/notices/51,666555-2026,not_selected,
raw/page-0003.json#/notices/52,666528-2026,not_selected,
raw/page-0003.json#/notices/53,666507-2026,not_selected,
raw/page-0003.json#/notices/54,666500-2026,not_selected,
raw/page-0003.json#/notices/55,666475-2026,not_selected,
raw/page-0003.json#/notices/56,666412-2026,not_selected,
raw/page-0003.json#/notices/57,666354-2026,not_selected,
raw/page-0003.json#/notices/58,666349-2026,not_selected,
raw/page-0003.json#/notices/59,666331-2026,not_selected,
raw/page-0003.json#/notices/60,666309-2026,not_selected,
raw/page-0003.json#/notices/61,666288-2026,not_selected,
raw/page-0003.json#/notices/62,666267-2026,not_selected,
raw/page-0003.json#/notices/63,666245-2026,not_selected,
raw/page-0003.json#/notices/64,666225-2026,not_selected,
raw/page-0003.json#/notices/65,666214-2026,not_selected,
raw/page-0003.json#/notices/66,666199-2026,not_selected,
raw/page-0003.json#/notices/67,666193-2026,not_selected,
raw/page-0003.json#/notices/68,666154-2026,not_selected,
raw/page-0003.json#/notices/69,666151-2026,not_selected,
raw/page-0003.json#/notices/70,666145-2026,not_selected,
raw/page-0003.json#/notices/71,666081-2026,not_selected,
raw/page-0003.json#/notices/72,666045-2026,not_selected,
raw/page-0003.json#/notices/73,666015-2026,not_selected,
raw/page-0003.json#/notices/74,665991-2026,not_selected,
raw/page-0003.json#/notices/75,665982-2026,not_selected,
raw/page-0003.json#/notices/76,665963-2026,not_selected,
raw/page-0003.json#/notices/77,665952-2026,not_selected,
raw/page-0003.json#/notices/78,665921-2026,not_selected,
raw/page-0003.json#/notices/79,665874-2026,not_selected,
raw/page-0003.json#/notices/80,665860-2026,not_selected,
raw/page-0003.json#/notices/81,665846-2026,uncertain,INVALID_VALUE
raw/page-0003.json#/notices/82,665833-2026,not_selected,
raw/page-0003.json#/notices/83,665790-2026,not_selected,
raw/page-0003.json#/notices/84,665772-2026,not_selected,
raw/page-0003.json#/notices/85,665764-2026,not_selected,
raw/page-0003.json#/notices/86,665668-2026,not_selected,
raw/page-0003.json#/notices/87,665658-2026,not_selected,
raw/page-0003.json#/notices/88,665652-2026,not_selected,
raw/page-0003.json#/notices/89,665648-2026,not_selected,
raw/page-0003.json#/notices/90,665645-2026,not_selected,
raw/page-0003.json#/notices/91,665597-2026,not_selected,
raw/page-0003.json#/notices/92,665567-2026,not_selected,
raw/page-0003.json#/notices/93,665557-2026,not_selected,
raw/page-0003.json#/notices/94,665529-2026,uncertain,INVALID_VALUE
raw/page-0003.json#/notices/95,665522-2026,not_selected,
raw/page-0003.json#/notices/96,665519-2026,not_selected,
raw/page-0003.json#/notices/97,665505-2026,not_selected,
raw/page-0003.json#/notices/98,665465-2026,not_selected,
raw/page-0003.json#/notices/99,665422-2026,not_selected,
raw/page-0003.json#/notices/100,665400-2026,not_selected,
raw/page-0003.json#/notices/101,665396-2026,not_selected,
raw/page-0003.json#/notices/102,665373-2026,not_selected,
raw/page-0003.json#/notices/103,665369-2026,not_selected,
raw/page-0003.json#/notices/104,665338-2026,not_selected,
raw/page-0003.json#/notices/105,665315-2026,not_selected,
raw/page-0003.json#/notices/106,665280-2026,not_selected,
raw/page-0003.json#/notices/107,665274-2026,not_selected,
raw/page-0003.json#/notices/108,665244-2026,not_selected,
raw/page-0003.json#/notices/109,665241-2026,not_selected,
raw/page-0003.json#/notices/110,665201-2026,uncertain,INVALID_VALUE
raw/page-0003.json#/notices/111,665167-2026,not_selected,
raw/page-0003.json#/notices/112,665161-2026,not_selected,
raw/page-0003.json#/notices/113,665151-2026,not_selected,
raw/page-0003.json#/notices/114,665144-2026,not_selected,
raw/page-0003.json#/notices/115,665122-2026,not_selected,
raw/page-0003.json#/notices/116,665094-2026,not_selected,
raw/page-0003.json#/notices/117,665057-2026,not_selected,
raw/page-0003.json#/notices/118,665042-2026,not_selected,
raw/page-0003.json#/notices/119,665010-2026,not_selected,
raw/page-0003.json#/notices/120,664973-2026,not_selected,
raw/page-0003.json#/notices/121,664968-2026,not_selected,
raw/page-0003.json#/notices/122,664962-2026,not_selected,
raw/page-0003.json#/notices/123,664956-2026,not_selected,
raw/page-0003.json#/notices/124,664885-2026,not_selected,
raw/page-0003.json#/notices/125,664854-2026,not_selected,
raw/page-0003.json#/notices/126,664853-2026,not_selected,
raw/page-0003.json#/notices/127,664800-2026,not_selected,
raw/page-0003.json#/notices/128,664797-2026,not_selected,
raw/page-0003.json#/notices/129,664731-2026,not_selected,
raw/page-0003.json#/notices/130,664674-2026,not_selected,
raw/page-0003.json#/notices/131,664659-2026,not_selected,
raw/page-0003.json#/notices/132,664615-2026,not_selected,
raw/page-0003.json#/notices/133,664600-2026,not_selected,
raw/page-0003.json#/notices/134,664591-2026,not_selected,
raw/page-0003.json#/notices/135,664564-2026,not_selected,
raw/page-0003.json#/notices/136,664552-2026,not_selected,
raw/page-0003.json#/notices/137,664497-2026,not_selected,
raw/page-0003.json#/notices/138,664486-2026,not_selected,
raw/page-0003.json#/notices/139,664481-2026,not_selected,
raw/page-0003.json#/notices/140,664453-2026,not_selected,
raw/page-0003.json#/notices/141,664393-2026,not_selected,
raw/page-0003.json#/notices/142,664319-2026,not_selected,
raw/page-0003.json#/notices/143,664226-2026,not_selected,
raw/page-0003.json#/notices/144,664154-2026,not_selected,
raw/page-0003.json#/notices/145,664049-2026,not_selected,
raw/page-0003.json#/notices/146,664046-2026,not_selected,
raw/page-0003.json#/notices/147,664038-2026,not_selected,
raw/page-0003.json#/notices/148,664005-2026,not_selected,
raw/page-0003.json#/notices/149,663973-2026,not_selected,
raw/page-0003.json#/notices/150,663896-2026,not_selected,
raw/page-0003.json#/notices/151,663851-2026,not_selected,
raw/page-0003.json#/notices/152,663850-2026,not_selected,
raw/page-0003.json#/notices/153,663764-2026,not_selected,
raw/page-0003.json#/notices/154,663742-2026,not_selected,
raw/page-0003.json#/notices/155,663714-2026,not_selected,
raw/page-0003.json#/notices/156,663682-2026,not_selected,
raw/page-0003.json#/notices/157,663647-2026,not_selected,
raw/page-0003.json#/notices/158,663602-2026,not_selected,
raw/page-0003.json#/notices/159,663502-2026,not_selected,
raw/page-0003.json#/notices/160,663483-2026,not_selected,
raw/page-0003.json#/notices/161,663473-2026,not_selected,
raw/page-0003.json#/notices/162,663449-2026,not_selected,
raw/page-0003.json#/notices/163,663430-2026,not_selected,
raw/page-0003.json#/notices/164,663419-2026,not_selected,
raw/page-0003.json#/notices/165,663395-2026,not_selected,
raw/page-0003.json#/notices/166,663368-2026,not_selected,
raw/page-0003.json#/notices/167,663340-2026,not_selected,
raw/page-0003.json#/notices/168,663285-2026,not_selected,
raw/page-0003.json#/notices/169,663263-2026,not_selected,
raw/page-0003.json#/notices/170,663261-2026,not_selected,
raw/page-0003.json#/notices/171,663255-2026,not_selected,
raw/page-0003.json#/notices/172,663232-2026,not_selected,
raw/page-0003.json#/notices/173,663184-2026,not_selected,
raw/page-0003.json#/notices/174,663139-2026,not_selected,
raw/page-0003.json#/notices/175,663066-2026,not_selected,
raw/page-0003.json#/notices/176,663035-2026,not_selected,
raw/page-0003.json#/notices/177,663002-2026,not_selected,
raw/page-0003.json#/notices/178,662979-2026,not_selected,
raw/page-0003.json#/notices/179,662949-2026,not_selected,
raw/page-0003.json#/notices/180,662916-2026,not_selected,
raw/page-0003.json#/notices/181,662893-2026,not_selected,
raw/page-0003.json#/notices/182,662858-2026,not_selected,
raw/page-0003.json#/notices/183,662798-2026,not_selected,
raw/page-0003.json#/notices/184,662790-2026,not_selected,
raw/page-0003.json#/notices/185,662785-2026,not_selected,
raw/page-0003.json#/notices/186,662772-2026,not_selected,
raw/page-0003.json#/notices/187,662750-2026,not_selected,
raw/page-0003.json#/notices/188,662680-2026,not_selected,
raw/page-0003.json#/notices/189,662677-2026,not_selected,
raw/page-0003.json#/notices/190,662665-2026,not_selected,
raw/page-0003.json#/notices/191,662651-2026,not_selected,
raw/page-0003.json#/notices/192,662620-2026,not_selected,
raw/page-0003.json#/notices/193,662615-2026,not_selected,
raw/page-0003.json#/notices/194,662601-2026,not_selected,
raw/page-0003.json#/notices/195,662591-2026,not_selected,
raw/page-0003.json#/notices/196,662586-2026,not_selected,
raw/page-0003.json#/notices/197,662565-2026,not_selected,
raw/page-0003.json#/notices/198,662540-2026,not_selected,
raw/page-0003.json#/notices/199,662537-2026,not_selected,
raw/page-0003.json#/notices/200,662513-2026,not_selected,
raw/page-0003.json#/notices/201,662451-2026,uncertain,INVALID_VALUE
raw/page-0003.json#/notices/202,662396-2026,not_selected,
raw/page-0003.json#/notices/203,662395-2026,not_selected,
raw/page-0003.json#/notices/204,662384-2026,not_selected,
raw/page-0003.json#/notices/205,662342-2026,not_selected,
raw/page-0003.json#/notices/206,662280-2026,not_selected,
raw/page-0003.json#/notices/207,662261-2026,not_selected,
raw/page-0003.json#/notices/208,662250-2026,not_selected,
raw/page-0003.json#/notices/209,662249-2026,not_selected,
raw/page-0003.json#/notices/210,662240-2026,not_selected,
raw/page-0003.json#/notices/211,662143-2026,not_selected,
raw/page-0003.json#/notices/212,662134-2026,not_selected,
raw/page-0003.json#/notices/213,662119-2026,not_selected,
raw/page-0003.json#/notices/214,662118-2026,not_selected,
raw/page-0003.json#/notices/215,662094-2026,not_selected,
raw/page-0003.json#/notices/216,662073-2026,not_selected,
raw/page-0003.json#/notices/217,662051-2026,not_selected,
raw/page-0003.json#/notices/218,662040-2026,not_selected,
raw/page-0003.json#/notices/219,662028-2026,not_selected,
raw/page-0003.json#/notices/220,661948-2026,not_selected,
raw/page-0003.json#/notices/221,661944-2026,not_selected,
raw/page-0003.json#/notices/222,661848-2026,not_selected,
raw/page-0003.json#/notices/223,661785-2026,not_selected,
raw/page-0003.json#/notices/224,661743-2026,not_selected,
raw/page-0003.json#/notices/225,661657-2026,not_selected,
raw/page-0003.json#/notices/226,661577-2026,not_selected,
raw/page-0003.json#/notices/227,661561-2026,not_selected,
raw/page-0003.json#/notices/228,661554-2026,not_selected,
raw/page-0003.json#/notices/229,661529-2026,not_selected,
raw/page-0003.json#/notices/230,661491-2026,not_selected,
raw/page-0003.json#/notices/231,661480-2026,not_selected,
raw/page-0003.json#/notices/232,661459-2026,not_selected,
raw/page-0003.json#/notices/233,661387-2026,not_selected,
raw/page-0003.json#/notices/234,661357-2026,not_selected,
raw/page-0003.json#/notices/235,661336-2026,not_selected,
raw/page-0003.json#/notices/236,661295-2026,not_selected,
raw/page-0003.json#/notices/237,661286-2026,not_selected,
raw/page-0003.json#/notices/238,661264-2026,not_selected,
raw/page-0003.json#/notices/239,661244-2026,not_selected,
raw/page-0003.json#/notices/240,661236-2026,not_selected,
raw/page-0003.json#/notices/241,661231-2026,not_selected,
raw/page-0003.json#/notices/242,661200-2026,not_selected,
raw/page-0003.json#/notices/243,661140-2026,not_selected,
raw/page-0003.json#/notices/244,661138-2026,not_selected,
raw/page-0003.json#/notices/245,661088-2026,not_selected,
raw/page-0003.json#/notices/246,661065-2026,not_selected,
raw/page-0003.json#/notices/247,661052-2026,not_selected,
raw/page-0003.json#/notices/248,661043-2026,not_selected,
raw/page-0003.json#/notices/249,660971-2026,not_selected,
raw/page-0004.json#/notices/0,660951-2026,not_selected,
raw/page-0004.json#/notices/1,660896-2026,not_selected,
raw/page-0004.json#/notices/2,660838-2026,not_selected,
raw/page-0004.json#/notices/3,660809-2026,not_selected,
raw/page-0004.json#/notices/4,660792-2026,not_selected,
raw/page-0004.json#/notices/5,660784-2026,not_selected,
raw/page-0004.json#/notices/6,660776-2026,not_selected,
raw/page-0004.json#/notices/7,660770-2026,not_selected,
raw/page-0004.json#/notices/8,660751-2026,not_selected,
raw/page-0004.json#/notices/9,660729-2026,not_selected,
raw/page-0004.json#/notices/10,660715-2026,not_selected,
raw/page-0004.json#/notices/11,660706-2026,not_selected,
raw/page-0004.json#/notices/12,660679-2026,not_selected,
raw/page-0004.json#/notices/13,660659-2026,uncertain,INVALID_VALUE
raw/page-0004.json#/notices/14,660643-2026,not_selected,
raw/page-0004.json#/notices/15,660617-2026,not_selected,
raw/page-0004.json#/notices/16,660550-2026,not_selected,
raw/page-0004.json#/notices/17,660537-2026,not_selected,
raw/page-0004.json#/notices/18,660491-2026,not_selected,
raw/page-0004.json#/notices/19,660430-2026,not_selected,
raw/page-0004.json#/notices/20,660393-2026,not_selected,
raw/page-0004.json#/notices/21,660374-2026,not_selected,
raw/page-0004.json#/notices/22,660371-2026,not_selected,
raw/page-0004.json#/notices/23,660342-2026,not_selected,
raw/page-0004.json#/notices/24,660322-2026,not_selected,
raw/page-0004.json#/notices/25,660276-2026,not_selected,
raw/page-0004.json#/notices/26,660248-2026,not_selected,
raw/page-0004.json#/notices/27,660220-2026,not_selected,
raw/page-0004.json#/notices/28,660186-2026,not_selected,
raw/page-0004.json#/notices/29,660185-2026,not_selected,
raw/page-0004.json#/notices/30,660143-2026,not_selected,
raw/page-0004.json#/notices/31,660127-2026,not_selected,
raw/page-0004.json#/notices/32,660125-2026,not_selected,
raw/page-0004.json#/notices/33,660108-2026,not_selected,
raw/page-0004.json#/notices/34,660091-2026,not_selected,
raw/page-0004.json#/notices/35,660082-2026,not_selected,
raw/page-0004.json#/notices/36,660055-2026,not_selected,
raw/page-0004.json#/notices/37,660047-2026,not_selected,
raw/page-0004.json#/notices/38,659983-2026,not_selected,
raw/page-0004.json#/notices/39,659966-2026,not_selected,
raw/page-0004.json#/notices/40,659955-2026,not_selected,
raw/page-0004.json#/notices/41,659902-2026,not_selected,
raw/page-0004.json#/notices/42,659895-2026,not_selected,
raw/page-0004.json#/notices/43,659884-2026,not_selected,
raw/page-0004.json#/notices/44,659868-2026,not_selected,
raw/page-0004.json#/notices/45,659807-2026,not_selected,
raw/page-0004.json#/notices/46,659789-2026,not_selected,
raw/page-0004.json#/notices/47,659751-2026,not_selected,
raw/page-0004.json#/notices/48,659720-2026,not_selected,
raw/page-0004.json#/notices/49,659705-2026,not_selected,
raw/page-0004.json#/notices/50,659702-2026,not_selected,
raw/page-0004.json#/notices/51,659701-2026,not_selected,
raw/page-0004.json#/notices/52,659668-2026,not_selected,
raw/page-0004.json#/notices/53,659649-2026,not_selected,
raw/page-0004.json#/notices/54,659635-2026,not_selected,
raw/page-0004.json#/notices/55,659600-2026,not_selected,
raw/page-0004.json#/notices/56,659592-2026,not_selected,
raw/page-0004.json#/notices/57,659575-2026,not_selected,
raw/page-0004.json#/notices/58,659571-2026,not_selected,
raw/page-0004.json#/notices/59,659567-2026,not_selected,
raw/page-0004.json#/notices/60,659556-2026,not_selected,
raw/page-0004.json#/notices/61,659497-2026,not_selected,
raw/page-0004.json#/notices/62,659496-2026,not_selected,
raw/page-0004.json#/notices/63,659492-2026,not_selected,
raw/page-0004.json#/notices/64,659484-2026,not_selected,
raw/page-0004.json#/notices/65,659406-2026,not_selected,
raw/page-0004.json#/notices/66,659403-2026,not_selected,
raw/page-0004.json#/notices/67,659361-2026,not_selected,
raw/page-0004.json#/notices/68,659356-2026,not_selected,
raw/page-0004.json#/notices/69,659335-2026,not_selected,
raw/page-0004.json#/notices/70,659328-2026,not_selected,
raw/page-0004.json#/notices/71,659326-2026,not_selected,
raw/page-0004.json#/notices/72,659277-2026,not_selected,
raw/page-0004.json#/notices/73,659239-2026,not_selected,
raw/page-0004.json#/notices/74,659236-2026,not_selected,
raw/page-0004.json#/notices/75,659209-2026,not_selected,
raw/page-0004.json#/notices/76,659190-2026,not_selected,
raw/page-0004.json#/notices/77,659176-2026,not_selected,
raw/page-0004.json#/notices/78,659172-2026,not_selected,
raw/page-0004.json#/notices/79,659100-2026,uncertain,INVALID_VALUE
raw/page-0004.json#/notices/80,659096-2026,not_selected,
raw/page-0004.json#/notices/81,659074-2026,not_selected,
raw/page-0004.json#/notices/82,659065-2026,not_selected,
raw/page-0004.json#/notices/83,659052-2026,not_selected,
raw/page-0004.json#/notices/84,658983-2026,not_selected,
raw/page-0004.json#/notices/85,658963-2026,not_selected,
raw/page-0004.json#/notices/86,658932-2026,not_selected,
raw/page-0004.json#/notices/87,658897-2026,not_selected,
raw/page-0004.json#/notices/88,658865-2026,not_selected,
raw/page-0004.json#/notices/89,658855-2026,not_selected,
raw/page-0004.json#/notices/90,658837-2026,not_selected,
raw/page-0004.json#/notices/91,658806-2026,not_selected,
raw/page-0004.json#/notices/92,658784-2026,not_selected,
raw/page-0004.json#/notices/93,658738-2026,not_selected,
raw/page-0004.json#/notices/94,658678-2026,not_selected,
raw/page-0004.json#/notices/95,658659-2026,not_selected,
raw/page-0004.json#/notices/96,658593-2026,not_selected,
raw/page-0004.json#/notices/97,658578-2026,not_selected,
raw/page-0004.json#/notices/98,658489-2026,not_selected,
raw/page-0004.json#/notices/99,658410-2026,not_selected,
raw/page-0004.json#/notices/100,658395-2026,not_selected,
raw/page-0004.json#/notices/101,658392-2026,not_selected,
raw/page-0004.json#/notices/102,658387-2026,not_selected,
raw/page-0004.json#/notices/103,658275-2026,not_selected,
raw/page-0004.json#/notices/104,658238-2026,not_selected,
raw/page-0004.json#/notices/105,658176-2026,not_selected,
raw/page-0004.json#/notices/106,658159-2026,not_selected,
raw/page-0004.json#/notices/107,658155-2026,not_selected,
raw/page-0004.json#/notices/108,658148-2026,not_selected,
raw/page-0004.json#/notices/109,658087-2026,not_selected,
raw/page-0004.json#/notices/110,658036-2026,not_selected,
raw/page-0004.json#/notices/111,658035-2026,not_selected,
raw/page-0004.json#/notices/112,657989-2026,not_selected,
raw/page-0004.json#/notices/113,657988-2026,not_selected,
raw/page-0004.json#/notices/114,657962-2026,not_selected,
raw/page-0004.json#/notices/115,657829-2026,not_selected,
raw/page-0004.json#/notices/116,657733-2026,not_selected,
raw/page-0004.json#/notices/117,657722-2026,not_selected,
raw/page-0004.json#/notices/118,657631-2026,not_selected,
raw/page-0004.json#/notices/119,657619-2026,not_selected,
raw/page-0004.json#/notices/120,657592-2026,not_selected,
raw/page-0004.json#/notices/121,657574-2026,not_selected,
raw/page-0004.json#/notices/122,657552-2026,not_selected,
raw/page-0004.json#/notices/123,657533-2026,not_selected,
raw/page-0004.json#/notices/124,657494-2026,not_selected,
raw/page-0004.json#/notices/125,657392-2026,not_selected,
raw/page-0004.json#/notices/126,657368-2026,not_selected,
raw/page-0004.json#/notices/127,657358-2026,not_selected,
raw/page-0004.json#/notices/128,657330-2026,not_selected,
raw/page-0004.json#/notices/129,657304-2026,not_selected,
raw/page-0004.json#/notices/130,657289-2026,not_selected,
raw/page-0004.json#/notices/131,657259-2026,not_selected,
raw/page-0004.json#/notices/132,657207-2026,not_selected,
raw/page-0004.json#/notices/133,657204-2026,not_selected,
raw/page-0004.json#/notices/134,657185-2026,not_selected,
raw/page-0004.json#/notices/135,657123-2026,not_selected,
raw/page-0004.json#/notices/136,657094-2026,not_selected,
raw/page-0004.json#/notices/137,657073-2026,not_selected,
raw/page-0004.json#/notices/138,657071-2026,not_selected,
raw/page-0004.json#/notices/139,657027-2026,not_selected,
raw/page-0004.json#/notices/140,656976-2026,not_selected,
raw/page-0004.json#/notices/141,656975-2026,not_selected,
raw/page-0004.json#/notices/142,656945-2026,not_selected,
raw/page-0004.json#/notices/143,656938-2026,not_selected,
raw/page-0004.json#/notices/144,656932-2026,not_selected,
raw/page-0004.json#/notices/145,656902-2026,not_selected,
raw/page-0004.json#/notices/146,656851-2026,not_selected,
raw/page-0004.json#/notices/147,656836-2026,not_selected,
raw/page-0004.json#/notices/148,656798-2026,not_selected,
raw/page-0004.json#/notices/149,656769-2026,not_selected,
raw/page-0004.json#/notices/150,656714-2026,not_selected,
raw/page-0004.json#/notices/151,656700-2026,not_selected,
raw/page-0004.json#/notices/152,656635-2026,not_selected,
raw/page-0004.json#/notices/153,656487-2026,not_selected,
raw/page-0004.json#/notices/154,656482-2026,not_selected,
raw/page-0004.json#/notices/155,656476-2026,not_selected,
raw/page-0004.json#/notices/156,656449-2026,not_selected,
raw/page-0004.json#/notices/157,656429-2026,not_selected,
raw/page-0004.json#/notices/158,656390-2026,not_selected,
raw/page-0004.json#/notices/159,656356-2026,not_selected,
raw/page-0004.json#/notices/160,656329-2026,not_selected,
raw/page-0004.json#/notices/161,656285-2026,not_selected,
raw/page-0004.json#/notices/162,656279-2026,not_selected,
raw/page-0004.json#/notices/163,656197-2026,not_selected,
raw/page-0004.json#/notices/164,656196-2026,not_selected,
raw/page-0004.json#/notices/165,656032-2026,not_selected,
raw/page-0004.json#/notices/166,656023-2026,not_selected,
raw/page-0004.json#/notices/167,655996-2026,not_selected,
raw/page-0004.json#/notices/168,655982-2026,not_selected,
raw/page-0004.json#/notices/169,655928-2026,not_selected,
raw/page-0004.json#/notices/170,655860-2026,not_selected,
raw/page-0004.json#/notices/171,655816-2026,not_selected,
raw/page-0004.json#/notices/172,655790-2026,not_selected,
raw/page-0004.json#/notices/173,655770-2026,not_selected,
raw/page-0004.json#/notices/174,655757-2026,not_selected,
raw/page-0004.json#/notices/175,655700-2026,not_selected,
raw/page-0004.json#/notices/176,655678-2026,not_selected,
raw/page-0004.json#/notices/177,655654-2026,not_selected,
raw/page-0004.json#/notices/178,655630-2026,not_selected,
raw/page-0004.json#/notices/179,655573-2026,not_selected,
raw/page-0004.json#/notices/180,655547-2026,not_selected,
raw/page-0004.json#/notices/181,655539-2026,not_selected,
raw/page-0004.json#/notices/182,655518-2026,not_selected,
raw/page-0004.json#/notices/183,655497-2026,not_selected,
raw/page-0004.json#/notices/184,655462-2026,not_selected,
raw/page-0004.json#/notices/185,655451-2026,not_selected,
raw/page-0004.json#/notices/186,655434-2026,not_selected,
raw/page-0004.json#/notices/187,655417-2026,not_selected,
raw/page-0004.json#/notices/188,655382-2026,not_selected,
raw/page-0004.json#/notices/189,655351-2026,not_selected,
raw/page-0004.json#/notices/190,655337-2026,not_selected,
raw/page-0004.json#/notices/191,655319-2026,not_selected,
raw/page-0004.json#/notices/192,655301-2026,not_selected,
raw/page-0004.json#/notices/193,655293-2026,not_selected,
raw/page-0004.json#/notices/194,655292-2026,not_selected,
raw/page-0004.json#/notices/195,655284-2026,not_selected,
raw/page-0004.json#/notices/196,655282-2026,not_selected,
raw/page-0004.json#/notices/197,655193-2026,not_selected,
raw/page-0004.json#/notices/198,655192-2026,not_selected,
raw/page-0004.json#/notices/199,655182-2026,not_selected,
raw/page-0004.json#/notices/200,655114-2026,not_selected,
raw/page-0004.json#/notices/201,655112-2026,not_selected,
raw/page-0004.json#/notices/202,655104-2026,not_selected,
raw/page-0004.json#/notices/203,655038-2026,not_selected,
raw/page-0004.json#/notices/204,655021-2026,not_selected,
raw/page-0004.json#/notices/205,654987-2026,not_selected,
raw/page-0004.json#/notices/206,654963-2026,not_selected,
raw/page-0004.json#/notices/207,654951-2026,not_selected,
raw/page-0004.json#/notices/208,654943-2026,not_selected,
raw/page-0004.json#/notices/209,654910-2026,not_selected,
raw/page-0004.json#/notices/210,654909-2026,not_selected,
raw/page-0004.json#/notices/211,654898-2026,not_selected,
raw/page-0004.json#/notices/212,654872-2026,not_selected,
raw/page-0004.json#/notices/213,654850-2026,not_selected,
raw/page-0004.json#/notices/214,654839-2026,not_selected,
raw/page-0004.json#/notices/215,654834-2026,not_selected,
raw/page-0004.json#/notices/216,654828-2026,not_selected,
raw/page-0004.json#/notices/217,654818-2026,not_selected,
raw/page-0004.json#/notices/218,654809-2026,not_selected,
raw/page-0004.json#/notices/219,654787-2026,not_selected,
raw/page-0004.json#/notices/220,654724-2026,not_selected,
raw/page-0004.json#/notices/221,654708-2026,not_selected,
raw/page-0004.json#/notices/222,654694-2026,not_selected,
raw/page-0004.json#/notices/223,654692-2026,not_selected,
raw/page-0004.json#/notices/224,654661-2026,not_selected,
raw/page-0004.json#/notices/225,654598-2026,not_selected,
raw/page-0004.json#/notices/226,654595-2026,not_selected,
raw/page-0004.json#/notices/227,654589-2026,not_selected,
raw/page-0004.json#/notices/228,654507-2026,not_selected,
raw/page-0004.json#/notices/229,654490-2026,not_selected,
raw/page-0004.json#/notices/230,654435-2026,not_selected,
raw/page-0004.json#/notices/231,654429-2026,not_selected,
raw/page-0004.json#/notices/232,654413-2026,not_selected,
raw/page-0004.json#/notices/233,654405-2026,not_selected,
raw/page-0004.json#/notices/234,654362-2026,not_selected,
raw/page-0004.json#/notices/235,654337-2026,not_selected,
raw/page-0004.json#/notices/236,654327-2026,not_selected,
raw/page-0004.json#/notices/237,654220-2026,not_selected,
raw/page-0004.json#/notices/238,654218-2026,not_selected,
raw/page-0004.json#/notices/239,654210-2026,not_selected,
raw/page-0004.json#/notices/240,654109-2026,not_selected,
raw/page-0004.json#/notices/241,653998-2026,not_selected,
raw/page-0004.json#/notices/242,653976-2026,not_selected,
raw/page-0004.json#/notices/243,653936-2026,not_selected,
raw/page-0004.json#/notices/244,653892-2026,not_selected,
raw/page-0004.json#/notices/245,653878-2026,not_selected,
raw/page-0004.json#/notices/246,653870-2026,not_selected,
raw/page-0004.json#/notices/247,653869-2026,not_selected,
raw/page-0004.json#/notices/248,653868-2026,not_selected,
raw/page-0004.json#/notices/249,653865-2026,not_selected,
raw/page-0005.json#/notices/0,653837-2026,not_selected,
raw/page-0005.json#/notices/1,653831-2026,not_selected,
raw/page-0005.json#/notices/2,653823-2026,not_selected,
raw/page-0005.json#/notices/3,653737-2026,not_selected,
raw/page-0005.json#/notices/4,653668-2026,not_selected,
raw/page-0005.json#/notices/5,653642-2026,not_selected,
raw/page-0005.json#/notices/6,653570-2026,not_selected,
raw/page-0005.json#/notices/7,653554-2026,not_selected,
raw/page-0005.json#/notices/8,653486-2026,not_selected,
raw/page-0005.json#/notices/9,653402-2026,not_selected,
raw/page-0005.json#/notices/10,653323-2026,not_selected,
raw/page-0005.json#/notices/11,653287-2026,not_selected,
raw/page-0005.json#/notices/12,653263-2026,not_selected,
raw/page-0005.json#/notices/13,653251-2026,not_selected,
raw/page-0005.json#/notices/14,653249-2026,not_selected,
raw/page-0005.json#/notices/15,653229-2026,not_selected,
raw/page-0005.json#/notices/16,653178-2026,not_selected,
raw/page-0005.json#/notices/17,653162-2026,not_selected,
raw/page-0005.json#/notices/18,653151-2026,not_selected,
raw/page-0005.json#/notices/19,653135-2026,not_selected,
raw/page-0005.json#/notices/20,653070-2026,not_selected,
raw/page-0005.json#/notices/21,653068-2026,not_selected,
raw/page-0005.json#/notices/22,652987-2026,not_selected,
raw/page-0005.json#/notices/23,652951-2026,not_selected,
raw/page-0005.json#/notices/24,652934-2026,not_selected,
raw/page-0005.json#/notices/25,652855-2026,not_selected,
raw/page-0005.json#/notices/26,652849-2026,not_selected,
raw/page-0005.json#/notices/27,652753-2026,not_selected,
raw/page-0005.json#/notices/28,652704-2026,not_selected,
raw/page-0005.json#/notices/29,652675-2026,not_selected,
raw/page-0005.json#/notices/30,652670-2026,not_selected,
raw/page-0005.json#/notices/31,652653-2026,not_selected,
raw/page-0005.json#/notices/32,652588-2026,not_selected,
raw/page-0005.json#/notices/33,652567-2026,not_selected,
raw/page-0005.json#/notices/34,652556-2026,not_selected,
raw/page-0005.json#/notices/35,652493-2026,not_selected,
raw/page-0005.json#/notices/36,652433-2026,not_selected,
raw/page-0005.json#/notices/37,652408-2026,not_selected,
raw/page-0005.json#/notices/38,652379-2026,not_selected,
raw/page-0005.json#/notices/39,652352-2026,not_selected,
raw/page-0005.json#/notices/40,652303-2026,not_selected,
raw/page-0005.json#/notices/41,652236-2026,not_selected,
raw/page-0005.json#/notices/42,652223-2026,not_selected,
raw/page-0005.json#/notices/43,652135-2026,not_selected,
raw/page-0005.json#/notices/44,652096-2026,not_selected,
raw/page-0005.json#/notices/45,652095-2026,not_selected,
raw/page-0005.json#/notices/46,652063-2026,not_selected,
raw/page-0005.json#/notices/47,652029-2026,not_selected,
raw/page-0005.json#/notices/48,652023-2026,not_selected,
raw/page-0005.json#/notices/49,652022-2026,not_selected,
raw/page-0005.json#/notices/50,651929-2026,not_selected,
raw/page-0005.json#/notices/51,651919-2026,not_selected,
raw/page-0005.json#/notices/52,651888-2026,not_selected,
raw/page-0005.json#/notices/53,651857-2026,not_selected,
raw/page-0005.json#/notices/54,651844-2026,not_selected,
raw/page-0005.json#/notices/55,651832-2026,not_selected,
raw/page-0005.json#/notices/56,651824-2026,not_selected,
raw/page-0005.json#/notices/57,651803-2026,not_selected,
raw/page-0005.json#/notices/58,651741-2026,not_selected,
raw/page-0005.json#/notices/59,651708-2026,not_selected,
raw/page-0005.json#/notices/60,651692-2026,not_selected,
raw/page-0005.json#/notices/61,651656-2026,not_selected,
raw/page-0005.json#/notices/62,651624-2026,not_selected,
raw/page-0005.json#/notices/63,651497-2026,not_selected,
raw/page-0005.json#/notices/64,651469-2026,not_selected,
raw/page-0005.json#/notices/65,651380-2026,not_selected,
raw/page-0005.json#/notices/66,651343-2026,not_selected,
raw/page-0005.json#/notices/67,651342-2026,not_selected,
raw/page-0005.json#/notices/68,651247-2026,not_selected,
raw/page-0005.json#/notices/69,651208-2026,not_selected,
raw/page-0005.json#/notices/70,651156-2026,not_selected,
raw/page-0005.json#/notices/71,651154-2026,not_selected,
raw/page-0005.json#/notices/72,651088-2026,not_selected,
raw/page-0005.json#/notices/73,651070-2026,not_selected,
raw/page-0005.json#/notices/74,651050-2026,not_selected,
raw/page-0005.json#/notices/75,651043-2026,not_selected,
raw/page-0005.json#/notices/76,651030-2026,not_selected,
raw/page-0005.json#/notices/77,650873-2026,not_selected,
raw/page-0005.json#/notices/78,650850-2026,not_selected,
raw/page-0005.json#/notices/79,650834-2026,not_selected,
raw/page-0005.json#/notices/80,650825-2026,not_selected,
raw/page-0005.json#/notices/81,650811-2026,not_selected,
raw/page-0005.json#/notices/82,650773-2026,not_selected,
raw/page-0005.json#/notices/83,650756-2026,not_selected,
raw/page-0005.json#/notices/84,650753-2026,not_selected,
raw/page-0005.json#/notices/85,650741-2026,not_selected,
raw/page-0005.json#/notices/86,650693-2026,not_selected,
raw/page-0005.json#/notices/87,650688-2026,not_selected,
raw/page-0005.json#/notices/88,650682-2026,not_selected,
raw/page-0005.json#/notices/89,650672-2026,not_selected,
raw/page-0005.json#/notices/90,650635-2026,not_selected,
raw/page-0005.json#/notices/91,650568-2026,uncertain,INVALID_VALUE
raw/page-0005.json#/notices/92,650560-2026,not_selected,
raw/page-0005.json#/notices/93,650529-2026,not_selected,
raw/page-0005.json#/notices/94,650408-2026,not_selected,
raw/page-0005.json#/notices/95,650399-2026,not_selected,
raw/page-0005.json#/notices/96,650369-2026,not_selected,
raw/page-0005.json#/notices/97,650337-2026,not_selected,
raw/page-0005.json#/notices/98,650278-2026,not_selected,
raw/page-0005.json#/notices/99,650256-2026,not_selected,
raw/page-0005.json#/notices/100,650200-2026,not_selected,
raw/page-0005.json#/notices/101,650132-2026,not_selected,
raw/page-0005.json#/notices/102,649989-2026,not_selected,
raw/page-0005.json#/notices/103,649967-2026,not_selected,
raw/page-0005.json#/notices/104,649944-2026,not_selected,
raw/page-0005.json#/notices/105,649890-2026,not_selected,
raw/page-0005.json#/notices/106,649823-2026,uncertain,INVALID_VALUE
raw/page-0005.json#/notices/107,649766-2026,not_selected,
raw/page-0005.json#/notices/108,649737-2026,not_selected,
raw/page-0005.json#/notices/109,649725-2026,not_selected,
raw/page-0005.json#/notices/110,649695-2026,not_selected,
raw/page-0005.json#/notices/111,649672-2026,not_selected,
raw/page-0005.json#/notices/112,649637-2026,not_selected,
raw/page-0005.json#/notices/113,649628-2026,not_selected,
raw/page-0005.json#/notices/114,649625-2026,not_selected,
raw/page-0005.json#/notices/115,649612-2026,not_selected,
raw/page-0005.json#/notices/116,649610-2026,not_selected,
raw/page-0005.json#/notices/117,649601-2026,not_selected,
raw/page-0005.json#/notices/118,649590-2026,not_selected,
raw/page-0005.json#/notices/119,649587-2026,not_selected,
raw/page-0005.json#/notices/120,649572-2026,not_selected,
raw/page-0005.json#/notices/121,649562-2026,not_selected,
raw/page-0005.json#/notices/122,649453-2026,not_selected,
raw/page-0005.json#/notices/123,649423-2026,not_selected,
raw/page-0005.json#/notices/124,649419-2026,not_selected,
raw/page-0005.json#/notices/125,649399-2026,not_selected,
raw/page-0005.json#/notices/126,649376-2026,not_selected,
raw/page-0005.json#/notices/127,649342-2026,not_selected,
raw/page-0005.json#/notices/128,649312-2026,not_selected,
raw/page-0005.json#/notices/129,649304-2026,not_selected,
raw/page-0005.json#/notices/130,649295-2026,not_selected,
raw/page-0005.json#/notices/131,649270-2026,not_selected,
raw/page-0005.json#/notices/132,649256-2026,not_selected,
raw/page-0005.json#/notices/133,649211-2026,not_selected,
raw/page-0005.json#/notices/134,649209-2026,not_selected,
raw/page-0005.json#/notices/135,649175-2026,not_selected,
raw/page-0005.json#/notices/136,649174-2026,not_selected,
raw/page-0005.json#/notices/137,649122-2026,not_selected,
raw/page-0005.json#/notices/138,649106-2026,not_selected,
raw/page-0005.json#/notices/139,649084-2026,not_selected,
raw/page-0005.json#/notices/140,649072-2026,not_selected,
raw/page-0005.json#/notices/141,649070-2026,not_selected,
raw/page-0005.json#/notices/142,648960-2026,not_selected,
raw/page-0005.json#/notices/143,648957-2026,not_selected,
raw/page-0005.json#/notices/144,648856-2026,not_selected,
raw/page-0005.json#/notices/145,648739-2026,not_selected,
raw/page-0005.json#/notices/146,648709-2026,not_selected,
raw/page-0005.json#/notices/147,648695-2026,not_selected,
raw/page-0005.json#/notices/148,648691-2026,not_selected,
raw/page-0005.json#/notices/149,648671-2026,not_selected,
raw/page-0005.json#/notices/150,648667-2026,not_selected,
raw/page-0005.json#/notices/151,648631-2026,not_selected,
raw/page-0005.json#/notices/152,648602-2026,not_selected,
raw/page-0005.json#/notices/153,648539-2026,not_selected,
raw/page-0005.json#/notices/154,648532-2026,not_selected,
raw/page-0005.json#/notices/155,648473-2026,not_selected,
raw/page-0005.json#/notices/156,648441-2026,not_selected,
raw/page-0005.json#/notices/157,648412-2026,not_selected,
raw/page-0005.json#/notices/158,648393-2026,not_selected,
raw/page-0005.json#/notices/159,648350-2026,not_selected,
raw/page-0005.json#/notices/160,648207-2026,not_selected,
raw/page-0005.json#/notices/161,648136-2026,not_selected,
raw/page-0005.json#/notices/162,648103-2026,not_selected,
raw/page-0005.json#/notices/163,648098-2026,not_selected,
raw/page-0005.json#/notices/164,648070-2026,not_selected,
raw/page-0005.json#/notices/165,648059-2026,not_selected,
raw/page-0005.json#/notices/166,648048-2026,not_selected,
raw/page-0005.json#/notices/167,648040-2026,not_selected,
raw/page-0005.json#/notices/168,648035-2026,not_selected,
raw/page-0005.json#/notices/169,648029-2026,not_selected,
raw/page-0005.json#/notices/170,648025-2026,not_selected,
raw/page-0005.json#/notices/171,648007-2026,not_selected,
raw/page-0005.json#/notices/172,647977-2026,not_selected,
raw/page-0005.json#/notices/173,647916-2026,not_selected,
raw/page-0005.json#/notices/174,647782-2026,not_selected,
raw/page-0005.json#/notices/175,647769-2026,not_selected,
raw/page-0005.json#/notices/176,647746-2026,not_selected,
raw/page-0005.json#/notices/177,647685-2026,not_selected,
raw/page-0005.json#/notices/178,647681-2026,not_selected,
raw/page-0005.json#/notices/179,647643-2026,not_selected,
raw/page-0005.json#/notices/180,647642-2026,not_selected,
raw/page-0005.json#/notices/181,647605-2026,not_selected,
raw/page-0005.json#/notices/182,647524-2026,not_selected,
raw/page-0005.json#/notices/183,647500-2026,not_selected,
raw/page-0005.json#/notices/184,647473-2026,not_selected,
raw/page-0005.json#/notices/185,647460-2026,not_selected,
raw/page-0005.json#/notices/186,647455-2026,not_selected,
raw/page-0005.json#/notices/187,647377-2026,not_selected,
raw/page-0005.json#/notices/188,647342-2026,not_selected,
raw/page-0005.json#/notices/189,647339-2026,not_selected,
raw/page-0005.json#/notices/190,647335-2026,not_selected,
raw/page-0005.json#/notices/191,647264-2026,not_selected,
raw/page-0005.json#/notices/192,647222-2026,not_selected,
raw/page-0005.json#/notices/193,647200-2026,not_selected,
raw/page-0005.json#/notices/194,647197-2026,not_selected,
raw/page-0005.json#/notices/195,647188-2026,not_selected,
raw/page-0005.json#/notices/196,647167-2026,not_selected,
raw/page-0005.json#/notices/197,647141-2026,not_selected,
raw/page-0005.json#/notices/198,647132-2026,not_selected,
raw/page-0005.json#/notices/199,647109-2026,not_selected,
raw/page-0005.json#/notices/200,647063-2026,not_selected,
raw/page-0005.json#/notices/201,647021-2026,not_selected,
raw/page-0005.json#/notices/202,647002-2026,not_selected,
raw/page-0005.json#/notices/203,646991-2026,not_selected,
raw/page-0005.json#/notices/204,646943-2026,not_selected,
raw/page-0005.json#/notices/205,646939-2026,not_selected,
raw/page-0005.json#/notices/206,646934-2026,not_selected,
raw/page-0005.json#/notices/207,646900-2026,not_selected,
raw/page-0005.json#/notices/208,646899-2026,not_selected,
raw/page-0005.json#/notices/209,646848-2026,not_selected,
raw/page-0005.json#/notices/210,646840-2026,not_selected,
raw/page-0005.json#/notices/211,646705-2026,uncertain,INVALID_VALUE
raw/page-0005.json#/notices/212,646670-2026,not_selected,
raw/page-0005.json#/notices/213,646629-2026,not_selected,
raw/page-0005.json#/notices/214,646590-2026,not_selected,
raw/page-0005.json#/notices/215,646495-2026,not_selected,
raw/page-0005.json#/notices/216,646491-2026,not_selected,
raw/page-0005.json#/notices/217,646485-2026,not_selected,
raw/page-0005.json#/notices/218,646466-2026,not_selected,
raw/page-0005.json#/notices/219,646451-2026,not_selected,
raw/page-0005.json#/notices/220,646367-2026,not_selected,
raw/page-0005.json#/notices/221,646325-2026,not_selected,
raw/page-0005.json#/notices/222,646311-2026,not_selected,
raw/page-0005.json#/notices/223,646310-2026,not_selected,
raw/page-0005.json#/notices/224,646249-2026,not_selected,
raw/page-0005.json#/notices/225,646228-2026,not_selected,
raw/page-0005.json#/notices/226,646131-2026,not_selected,
raw/page-0005.json#/notices/227,646110-2026,not_selected,
raw/page-0005.json#/notices/228,646073-2026,not_selected,
raw/page-0005.json#/notices/229,646060-2026,not_selected,
raw/page-0005.json#/notices/230,646058-2026,not_selected,
raw/page-0005.json#/notices/231,646020-2026,not_selected,
raw/page-0005.json#/notices/232,645990-2026,not_selected,
raw/page-0005.json#/notices/233,645945-2026,not_selected,
raw/page-0005.json#/notices/234,645866-2026,not_selected,
raw/page-0005.json#/notices/235,645863-2026,not_selected,
raw/page-0005.json#/notices/236,645862-2026,not_selected,
raw/page-0005.json#/notices/237,645842-2026,not_selected,
raw/page-0005.json#/notices/238,645827-2026,not_selected,
raw/page-0005.json#/notices/239,645775-2026,not_selected,
raw/page-0005.json#/notices/240,645752-2026,not_selected,
raw/page-0005.json#/notices/241,645721-2026,not_selected,
raw/page-0005.json#/notices/242,645717-2026,not_selected,
raw/page-0005.json#/notices/243,645681-2026,not_selected,
raw/page-0005.json#/notices/244,645661-2026,not_selected,
raw/page-0005.json#/notices/245,645657-2026,not_selected,
raw/page-0005.json#/notices/246,645639-2026,not_selected,
raw/page-0005.json#/notices/247,645576-2026,not_selected,
raw/page-0005.json#/notices/248,645516-2026,not_selected,
raw/page-0005.json#/notices/249,645495-2026,not_selected,
raw/page-0006.json#/notices/0,645464-2026,not_selected,
raw/page-0006.json#/notices/1,645446-2026,not_selected,
raw/page-0006.json#/notices/2,645353-2026,not_selected,
raw/page-0006.json#/notices/3,645335-2026,not_selected,
raw/page-0006.json#/notices/4,645274-2026,not_selected,
raw/page-0006.json#/notices/5,645253-2026,not_selected,
raw/page-0006.json#/notices/6,645225-2026,not_selected,
raw/page-0006.json#/notices/7,645221-2026,not_selected,
raw/page-0006.json#/notices/8,645198-2026,not_selected,
raw/page-0006.json#/notices/9,645143-2026,not_selected,
raw/page-0006.json#/notices/10,645098-2026,not_selected,
raw/page-0006.json#/notices/11,645091-2026,not_selected,
raw/page-0006.json#/notices/12,645031-2026,not_selected,
raw/page-0006.json#/notices/13,645012-2026,not_selected,
raw/page-0006.json#/notices/14,644934-2026,not_selected,
raw/page-0006.json#/notices/15,644920-2026,not_selected,
raw/page-0006.json#/notices/16,644898-2026,not_selected,
raw/page-0006.json#/notices/17,644864-2026,not_selected,
raw/page-0006.json#/notices/18,644833-2026,not_selected,
raw/page-0006.json#/notices/19,644803-2026,not_selected,
raw/page-0006.json#/notices/20,644800-2026,not_selected,
raw/page-0006.json#/notices/21,644770-2026,not_selected,
raw/page-0006.json#/notices/22,644746-2026,not_selected,
raw/page-0006.json#/notices/23,644690-2026,not_selected,
raw/page-0006.json#/notices/24,644661-2026,not_selected,
raw/page-0006.json#/notices/25,644608-2026,not_selected,
raw/page-0006.json#/notices/26,644599-2026,not_selected,
raw/page-0006.json#/notices/27,644557-2026,not_selected,
raw/page-0006.json#/notices/28,644533-2026,not_selected,
raw/page-0006.json#/notices/29,644527-2026,not_selected,
raw/page-0006.json#/notices/30,644506-2026,not_selected,
raw/page-0006.json#/notices/31,644503-2026,not_selected,
raw/page-0006.json#/notices/32,644449-2026,not_selected,
raw/page-0006.json#/notices/33,644432-2026,not_selected,
raw/page-0006.json#/notices/34,644423-2026,not_selected,
raw/page-0006.json#/notices/35,644421-2026,not_selected,
raw/page-0006.json#/notices/36,644419-2026,not_selected,
raw/page-0006.json#/notices/37,644405-2026,not_selected,
raw/page-0006.json#/notices/38,644374-2026,not_selected,
raw/page-0006.json#/notices/39,644353-2026,not_selected,
raw/page-0006.json#/notices/40,644304-2026,not_selected,
raw/page-0006.json#/notices/41,644291-2026,not_selected,
raw/page-0006.json#/notices/42,644271-2026,not_selected,
raw/page-0006.json#/notices/43,644263-2026,not_selected,
raw/page-0006.json#/notices/44,644233-2026,not_selected,
raw/page-0006.json#/notices/45,644213-2026,not_selected,
raw/page-0006.json#/notices/46,644204-2026,not_selected,
raw/page-0006.json#/notices/47,644182-2026,not_selected,
raw/page-0006.json#/notices/48,644131-2026,not_selected,
raw/page-0006.json#/notices/49,644122-2026,not_selected,
raw/page-0006.json#/notices/50,644095-2026,not_selected,
raw/page-0006.json#/notices/51,644078-2026,not_selected,
raw/page-0006.json#/notices/52,644075-2026,not_selected,
raw/page-0006.json#/notices/53,644056-2026,not_selected,
raw/page-0006.json#/notices/54,644040-2026,not_selected,
raw/page-0006.json#/notices/55,644031-2026,not_selected,
raw/page-0006.json#/notices/56,644027-2026,not_selected,
raw/page-0006.json#/notices/57,644012-2026,not_selected,
raw/page-0006.json#/notices/58,643994-2026,not_selected,
raw/page-0006.json#/notices/59,643973-2026,not_selected,
raw/page-0006.json#/notices/60,643969-2026,not_selected,
raw/page-0006.json#/notices/61,643950-2026,not_selected,
raw/page-0006.json#/notices/62,643932-2026,not_selected,
raw/page-0006.json#/notices/63,643908-2026,not_selected,
raw/page-0006.json#/notices/64,643889-2026,not_selected,
raw/page-0006.json#/notices/65,643877-2026,not_selected,
raw/page-0006.json#/notices/66,643873-2026,not_selected,
raw/page-0006.json#/notices/67,643859-2026,not_selected,
raw/page-0006.json#/notices/68,643855-2026,not_selected,
raw/page-0006.json#/notices/69,643846-2026,not_selected,
raw/page-0006.json#/notices/70,643828-2026,not_selected,
raw/page-0006.json#/notices/71,643806-2026,not_selected,
raw/page-0006.json#/notices/72,643788-2026,not_selected,
raw/page-0006.json#/notices/73,643743-2026,not_selected,
raw/page-0006.json#/notices/74,643697-2026,not_selected,
raw/page-0006.json#/notices/75,643691-2026,not_selected,
raw/page-0006.json#/notices/76,643670-2026,not_selected,
raw/page-0006.json#/notices/77,643576-2026,not_selected,
raw/page-0006.json#/notices/78,643555-2026,not_selected,
raw/page-0006.json#/notices/79,643453-2026,not_selected,
raw/page-0006.json#/notices/80,643425-2026,not_selected,
raw/page-0006.json#/notices/81,643401-2026,not_selected,
raw/page-0006.json#/notices/82,643369-2026,not_selected,
raw/page-0006.json#/notices/83,643251-2026,not_selected,
raw/page-0006.json#/notices/84,643215-2026,not_selected,
raw/page-0006.json#/notices/85,643181-2026,not_selected,
raw/page-0006.json#/notices/86,643148-2026,not_selected,
raw/page-0006.json#/notices/87,643126-2026,not_selected,
raw/page-0006.json#/notices/88,643124-2026,not_selected,
raw/page-0006.json#/notices/89,643110-2026,not_selected,
raw/page-0006.json#/notices/90,643105-2026,not_selected,
raw/page-0006.json#/notices/91,643083-2026,not_selected,
raw/page-0006.json#/notices/92,643062-2026,not_selected,
raw/page-0006.json#/notices/93,643021-2026,not_selected,
raw/page-0006.json#/notices/94,642972-2026,not_selected,
raw/page-0006.json#/notices/95,642930-2026,not_selected,
raw/page-0006.json#/notices/96,642910-2026,not_selected,
raw/page-0006.json#/notices/97,642897-2026,not_selected,
raw/page-0006.json#/notices/98,642887-2026,not_selected,
raw/page-0006.json#/notices/99,642874-2026,not_selected,
raw/page-0006.json#/notices/100,642820-2026,not_selected,
raw/page-0006.json#/notices/101,642818-2026,uncertain,INVALID_VALUE
raw/page-0006.json#/notices/102,642777-2026,not_selected,
raw/page-0006.json#/notices/103,642745-2026,not_selected,
raw/page-0006.json#/notices/104,642697-2026,not_selected,
raw/page-0006.json#/notices/105,642662-2026,not_selected,
raw/page-0006.json#/notices/106,642617-2026,not_selected,
raw/page-0006.json#/notices/107,642579-2026,not_selected,
raw/page-0006.json#/notices/108,642564-2026,not_selected,
raw/page-0006.json#/notices/109,642546-2026,not_selected,
raw/page-0006.json#/notices/110,642480-2026,not_selected,
raw/page-0006.json#/notices/111,642466-2026,not_selected,
raw/page-0006.json#/notices/112,642447-2026,not_selected,
raw/page-0006.json#/notices/113,642417-2026,not_selected,
raw/page-0006.json#/notices/114,642408-2026,not_selected,
raw/page-0006.json#/notices/115,642392-2026,not_selected,
raw/page-0006.json#/notices/116,642362-2026,not_selected,
raw/page-0006.json#/notices/117,642352-2026,not_selected,
raw/page-0006.json#/notices/118,642350-2026,not_selected,
raw/page-0006.json#/notices/119,642308-2026,not_selected,
raw/page-0006.json#/notices/120,642300-2026,not_selected,
raw/page-0006.json#/notices/121,642289-2026,not_selected,
raw/page-0006.json#/notices/122,642282-2026,not_selected,
raw/page-0006.json#/notices/123,642239-2026,not_selected,
raw/page-0006.json#/notices/124,642217-2026,not_selected,
raw/page-0006.json#/notices/125,642193-2026,not_selected,
raw/page-0006.json#/notices/126,641991-2026,not_selected,
raw/page-0006.json#/notices/127,641943-2026,not_selected,
raw/page-0006.json#/notices/128,641898-2026,not_selected,
raw/page-0006.json#/notices/129,641833-2026,not_selected,
raw/page-0006.json#/notices/130,641780-2026,not_selected,
raw/page-0006.json#/notices/131,641736-2026,not_selected,
raw/page-0006.json#/notices/132,641636-2026,not_selected,
raw/page-0006.json#/notices/133,641505-2026,not_selected,
raw/page-0006.json#/notices/134,641486-2026,not_selected,
raw/page-0006.json#/notices/135,641485-2026,not_selected,
raw/page-0006.json#/notices/136,641419-2026,not_selected,
raw/page-0006.json#/notices/137,641327-2026,not_selected,
raw/page-0006.json#/notices/138,641306-2026,not_selected,
raw/page-0006.json#/notices/139,641282-2026,not_selected,
raw/page-0006.json#/notices/140,641228-2026,not_selected,
raw/page-0006.json#/notices/141,641203-2026,not_selected,
raw/page-0006.json#/notices/142,641193-2026,not_selected,
raw/page-0006.json#/notices/143,641184-2026,not_selected,
raw/page-0006.json#/notices/144,641160-2026,not_selected,
raw/page-0006.json#/notices/145,641147-2026,not_selected,
raw/page-0006.json#/notices/146,641065-2026,not_selected,
raw/page-0006.json#/notices/147,641063-2026,not_selected,
raw/page-0006.json#/notices/148,641024-2026,not_selected,
raw/page-0006.json#/notices/149,640958-2026,not_selected,
raw/page-0006.json#/notices/150,640862-2026,not_selected,
raw/page-0006.json#/notices/151,640860-2026,not_selected,
raw/page-0006.json#/notices/152,640859-2026,not_selected,
raw/page-0006.json#/notices/153,640770-2026,not_selected,
raw/page-0006.json#/notices/154,640689-2026,not_selected,
raw/page-0006.json#/notices/155,640639-2026,not_selected,
raw/page-0006.json#/notices/156,640617-2026,not_selected,
raw/page-0006.json#/notices/157,640616-2026,not_selected,
raw/page-0006.json#/notices/158,640599-2026,not_selected,
raw/page-0006.json#/notices/159,640577-2026,not_selected,
raw/page-0006.json#/notices/160,640553-2026,not_selected,
raw/page-0006.json#/notices/161,640551-2026,not_selected,
raw/page-0006.json#/notices/162,640511-2026,not_selected,
raw/page-0006.json#/notices/163,640489-2026,not_selected,
raw/page-0006.json#/notices/164,640350-2026,not_selected,
raw/page-0006.json#/notices/165,640282-2026,not_selected,
raw/page-0006.json#/notices/166,640240-2026,not_selected,
raw/page-0006.json#/notices/167,640223-2026,not_selected,
raw/page-0006.json#/notices/168,640208-2026,not_selected,
raw/page-0006.json#/notices/169,640180-2026,not_selected,
raw/page-0006.json#/notices/170,640167-2026,not_selected,
raw/page-0006.json#/notices/171,640156-2026,not_selected,
raw/page-0006.json#/notices/172,640140-2026,not_selected,
raw/page-0006.json#/notices/173,640092-2026,not_selected,
raw/page-0006.json#/notices/174,640058-2026,not_selected,
raw/page-0006.json#/notices/175,640037-2026,not_selected,
raw/page-0006.json#/notices/176,639970-2026,not_selected,
raw/page-0006.json#/notices/177,639942-2026,not_selected,
raw/page-0006.json#/notices/178,639935-2026,not_selected,
raw/page-0006.json#/notices/179,639799-2026,not_selected,
raw/page-0006.json#/notices/180,639766-2026,not_selected,
raw/page-0006.json#/notices/181,639755-2026,not_selected,
raw/page-0006.json#/notices/182,639674-2026,not_selected,
raw/page-0006.json#/notices/183,639661-2026,not_selected,
raw/page-0006.json#/notices/184,639642-2026,not_selected,
raw/page-0006.json#/notices/185,639612-2026,not_selected,
raw/page-0006.json#/notices/186,639490-2026,not_selected,
raw/page-0006.json#/notices/187,639428-2026,not_selected,
raw/page-0006.json#/notices/188,639400-2026,not_selected,
raw/page-0006.json#/notices/189,639393-2026,not_selected,
raw/page-0006.json#/notices/190,639351-2026,not_selected,
raw/page-0006.json#/notices/191,639290-2026,not_selected,
raw/page-0006.json#/notices/192,639254-2026,not_selected,
raw/page-0006.json#/notices/193,639232-2026,not_selected,
raw/page-0006.json#/notices/194,639215-2026,not_selected,
raw/page-0006.json#/notices/195,639203-2026,not_selected,
raw/page-0006.json#/notices/196,639156-2026,not_selected,
raw/page-0006.json#/notices/197,639094-2026,not_selected,
raw/page-0006.json#/notices/198,639085-2026,not_selected,
raw/page-0006.json#/notices/199,639073-2026,not_selected,
raw/page-0006.json#/notices/200,639044-2026,not_selected,
raw/page-0006.json#/notices/201,639026-2026,not_selected,
raw/page-0006.json#/notices/202,638984-2026,not_selected,
raw/page-0006.json#/notices/203,638980-2026,not_selected,
raw/page-0006.json#/notices/204,638973-2026,not_selected,
raw/page-0006.json#/notices/205,638908-2026,not_selected,
raw/page-0006.json#/notices/206,638886-2026,not_selected,
raw/page-0006.json#/notices/207,638883-2026,not_selected,
raw/page-0006.json#/notices/208,638867-2026,not_selected,
raw/page-0006.json#/notices/209,638856-2026,not_selected,
raw/page-0006.json#/notices/210,638797-2026,not_selected,
raw/page-0006.json#/notices/211,638742-2026,not_selected,
raw/page-0006.json#/notices/212,638614-2026,not_selected,
raw/page-0006.json#/notices/213,638601-2026,not_selected,
raw/page-0006.json#/notices/214,638569-2026,not_selected,
raw/page-0006.json#/notices/215,638557-2026,not_selected,
raw/page-0006.json#/notices/216,638539-2026,not_selected,
raw/page-0006.json#/notices/217,638506-2026,not_selected,
raw/page-0006.json#/notices/218,638483-2026,not_selected,
raw/page-0006.json#/notices/219,638474-2026,not_selected,
raw/page-0006.json#/notices/220,638466-2026,not_selected,
raw/page-0006.json#/notices/221,638454-2026,not_selected,
raw/page-0006.json#/notices/222,638368-2026,not_selected,
raw/page-0006.json#/notices/223,638355-2026,not_selected,
raw/page-0006.json#/notices/224,638341-2026,not_selected,
raw/page-0006.json#/notices/225,638336-2026,not_selected,
raw/page-0006.json#/notices/226,638308-2026,not_selected,
raw/page-0006.json#/notices/227,638263-2026,not_selected,
raw/page-0006.json#/notices/228,638246-2026,not_selected,
raw/page-0006.json#/notices/229,638231-2026,not_selected,
raw/page-0006.json#/notices/230,638220-2026,not_selected,
raw/page-0006.json#/notices/231,638169-2026,not_selected,
raw/page-0006.json#/notices/232,638121-2026,not_selected,
raw/page-0006.json#/notices/233,638088-2026,not_selected,
raw/page-0006.json#/notices/234,638020-2026,not_selected,
raw/page-0006.json#/notices/235,638004-2026,not_selected,
raw/page-0006.json#/notices/236,637959-2026,not_selected,
raw/page-0006.json#/notices/237,637951-2026,not_selected,
raw/page-0006.json#/notices/238,637928-2026,not_selected,
raw/page-0006.json#/notices/239,637901-2026,not_selected,
raw/page-0006.json#/notices/240,637833-2026,not_selected,
raw/page-0006.json#/notices/241,637790-2026,not_selected,
raw/page-0006.json#/notices/242,637705-2026,not_selected,
raw/page-0006.json#/notices/243,637657-2026,uncertain,INVALID_VALUE
raw/page-0006.json#/notices/244,637563-2026,not_selected,
raw/page-0006.json#/notices/245,637515-2026,not_selected,
raw/page-0006.json#/notices/246,637493-2026,not_selected,
raw/page-0006.json#/notices/247,637473-2026,not_selected,
raw/page-0006.json#/notices/248,637460-2026,not_selected,
raw/page-0006.json#/notices/249,637389-2026,not_selected,
raw/page-0007.json#/notices/0,637329-2026,not_selected,
raw/page-0007.json#/notices/1,637323-2026,not_selected,
raw/page-0007.json#/notices/2,637169-2026,not_selected,
raw/page-0007.json#/notices/3,637130-2026,not_selected,
raw/page-0007.json#/notices/4,637059-2026,not_selected,
raw/page-0007.json#/notices/5,637036-2026,not_selected,
raw/page-0007.json#/notices/6,637029-2026,not_selected,
raw/page-0007.json#/notices/7,636989-2026,not_selected,
raw/page-0007.json#/notices/8,636947-2026,not_selected,
raw/page-0007.json#/notices/9,636945-2026,not_selected,
raw/page-0007.json#/notices/10,636907-2026,not_selected,
raw/page-0007.json#/notices/11,636780-2026,not_selected,
raw/page-0007.json#/notices/12,636758-2026,not_selected,
raw/page-0007.json#/notices/13,636703-2026,not_selected,
raw/page-0007.json#/notices/14,636685-2026,not_selected,
raw/page-0007.json#/notices/15,636616-2026,not_selected,
raw/page-0007.json#/notices/16,636603-2026,not_selected,
raw/page-0007.json#/notices/17,636599-2026,not_selected,
raw/page-0007.json#/notices/18,636522-2026,not_selected,
raw/page-0007.json#/notices/19,636516-2026,not_selected,
raw/page-0007.json#/notices/20,636415-2026,not_selected,
raw/page-0007.json#/notices/21,636381-2026,not_selected,
raw/page-0007.json#/notices/22,636371-2026,not_selected,
raw/page-0007.json#/notices/23,636341-2026,not_selected,
raw/page-0007.json#/notices/24,636304-2026,not_selected,
raw/page-0007.json#/notices/25,636295-2026,not_selected,
raw/page-0007.json#/notices/26,636215-2026,not_selected,
raw/page-0007.json#/notices/27,636214-2026,not_selected,
raw/page-0007.json#/notices/28,636178-2026,not_selected,
raw/page-0007.json#/notices/29,636116-2026,not_selected,
raw/page-0007.json#/notices/30,636079-2026,not_selected,
raw/page-0007.json#/notices/31,635963-2026,not_selected,
raw/page-0007.json#/notices/32,635821-2026,not_selected,
raw/page-0007.json#/notices/33,635808-2026,not_selected,
raw/page-0007.json#/notices/34,635793-2026,not_selected,
raw/page-0007.json#/notices/35,635783-2026,not_selected,
raw/page-0007.json#/notices/36,635767-2026,not_selected,
raw/page-0007.json#/notices/37,635756-2026,not_selected,
raw/page-0007.json#/notices/38,635738-2026,not_selected,
raw/page-0007.json#/notices/39,635731-2026,not_selected,
raw/page-0007.json#/notices/40,635642-2026,not_selected,
raw/page-0007.json#/notices/41,635620-2026,not_selected,
raw/page-0007.json#/notices/42,635610-2026,not_selected,
raw/page-0007.json#/notices/43,635594-2026,not_selected,
raw/page-0007.json#/notices/44,635539-2026,not_selected,
raw/page-0007.json#/notices/45,635533-2026,not_selected,
raw/page-0007.json#/notices/46,635530-2026,uncertain,INVALID_VALUE
raw/page-0007.json#/notices/47,635524-2026,not_selected,
raw/page-0007.json#/notices/48,635506-2026,not_selected,
raw/page-0007.json#/notices/49,635477-2026,not_selected,
raw/page-0007.json#/notices/50,635450-2026,not_selected,
raw/page-0007.json#/notices/51,635442-2026,not_selected,
raw/page-0007.json#/notices/52,635439-2026,not_selected,
raw/page-0007.json#/notices/53,635430-2026,not_selected,
raw/page-0007.json#/notices/54,635404-2026,not_selected,
raw/page-0007.json#/notices/55,635375-2026,not_selected,
raw/page-0007.json#/notices/56,635363-2026,not_selected,
raw/page-0007.json#/notices/57,635219-2026,not_selected,
raw/page-0007.json#/notices/58,635203-2026,not_selected,
raw/page-0007.json#/notices/59,635196-2026,not_selected,
raw/page-0007.json#/notices/60,635164-2026,not_selected,
raw/page-0007.json#/notices/61,635139-2026,not_selected,
raw/page-0007.json#/notices/62,635100-2026,not_selected,
raw/page-0007.json#/notices/63,635092-2026,not_selected,
raw/page-0007.json#/notices/64,635060-2026,not_selected,
raw/page-0007.json#/notices/65,635040-2026,not_selected,
raw/page-0007.json#/notices/66,634935-2026,not_selected,
raw/page-0007.json#/notices/67,634895-2026,not_selected,
raw/page-0007.json#/notices/68,634893-2026,not_selected,
raw/page-0007.json#/notices/69,634879-2026,not_selected,
raw/page-0007.json#/notices/70,634867-2026,not_selected,
raw/page-0007.json#/notices/71,634863-2026,not_selected,
raw/page-0007.json#/notices/72,634841-2026,not_selected,
raw/page-0007.json#/notices/73,634816-2026,not_selected,
raw/page-0007.json#/notices/74,634770-2026,not_selected,
raw/page-0007.json#/notices/75,634598-2026,not_selected,
raw/page-0007.json#/notices/76,634597-2026,not_selected,
raw/page-0007.json#/notices/77,634504-2026,not_selected,
raw/page-0007.json#/notices/78,634477-2026,not_selected,
raw/page-0007.json#/notices/79,634454-2026,not_selected,
raw/page-0007.json#/notices/80,634413-2026,not_selected,
raw/page-0007.json#/notices/81,634399-2026,not_selected,
raw/page-0007.json#/notices/82,634398-2026,not_selected,
raw/page-0007.json#/notices/83,634365-2026,not_selected,
raw/page-0007.json#/notices/84,634349-2026,not_selected,
raw/page-0007.json#/notices/85,634320-2026,not_selected,
raw/page-0007.json#/notices/86,634313-2026,not_selected,
raw/page-0007.json#/notices/87,634289-2026,not_selected,
raw/page-0007.json#/notices/88,634245-2026,uncertain,INVALID_VALUE
raw/page-0007.json#/notices/89,634192-2026,not_selected,
raw/page-0007.json#/notices/90,634103-2026,not_selected,
raw/page-0007.json#/notices/91,634068-2026,not_selected,
raw/page-0007.json#/notices/92,634040-2026,not_selected,
raw/page-0007.json#/notices/93,633978-2026,not_selected,
raw/page-0007.json#/notices/94,633886-2026,not_selected,
raw/page-0007.json#/notices/95,633834-2026,not_selected,
raw/page-0007.json#/notices/96,633831-2026,not_selected,
raw/page-0007.json#/notices/97,633785-2026,not_selected,
raw/page-0007.json#/notices/98,633741-2026,not_selected,
raw/page-0007.json#/notices/99,633668-2026,not_selected,
raw/page-0007.json#/notices/100,633653-2026,not_selected,
raw/page-0007.json#/notices/101,633649-2026,uncertain,INVALID_VALUE
raw/page-0007.json#/notices/102,633561-2026,not_selected,
raw/page-0007.json#/notices/103,633558-2026,not_selected,
raw/page-0007.json#/notices/104,633536-2026,not_selected,
raw/page-0007.json#/notices/105,633505-2026,not_selected,
raw/page-0007.json#/notices/106,633489-2026,not_selected,
raw/page-0007.json#/notices/107,633476-2026,not_selected,
raw/page-0007.json#/notices/108,633469-2026,not_selected,
raw/page-0007.json#/notices/109,633458-2026,not_selected,
raw/page-0007.json#/notices/110,633433-2026,not_selected,
raw/page-0007.json#/notices/111,633375-2026,not_selected,
raw/page-0007.json#/notices/112,633369-2026,not_selected,
raw/page-0007.json#/notices/113,633347-2026,not_selected,
raw/page-0007.json#/notices/114,633322-2026,not_selected,
raw/page-0007.json#/notices/115,633258-2026,not_selected,
raw/page-0007.json#/notices/116,633229-2026,not_selected,
raw/page-0007.json#/notices/117,633195-2026,not_selected,
raw/page-0007.json#/notices/118,633166-2026,not_selected,
raw/page-0007.json#/notices/119,633152-2026,not_selected,
raw/page-0007.json#/notices/120,633140-2026,not_selected,
raw/page-0007.json#/notices/121,633000-2026,not_selected,
raw/page-0007.json#/notices/122,632989-2026,not_selected,
raw/page-0007.json#/notices/123,632960-2026,not_selected,
raw/page-0007.json#/notices/124,632934-2026,not_selected,
raw/page-0007.json#/notices/125,632888-2026,not_selected,
raw/page-0007.json#/notices/126,632864-2026,not_selected,
raw/page-0007.json#/notices/127,632855-2026,not_selected,
raw/page-0007.json#/notices/128,632835-2026,not_selected,
raw/page-0007.json#/notices/129,632760-2026,not_selected,
raw/page-0007.json#/notices/130,632757-2026,not_selected,
raw/page-0007.json#/notices/131,632680-2026,not_selected,
raw/page-0007.json#/notices/132,632674-2026,not_selected,
raw/page-0007.json#/notices/133,632671-2026,not_selected,
raw/page-0007.json#/notices/134,632652-2026,not_selected,
raw/page-0007.json#/notices/135,632620-2026,not_selected,
raw/page-0007.json#/notices/136,632564-2026,not_selected,
raw/page-0007.json#/notices/137,632561-2026,not_selected,
raw/page-0007.json#/notices/138,632555-2026,not_selected,
raw/page-0007.json#/notices/139,632552-2026,not_selected,
raw/page-0007.json#/notices/140,632491-2026,not_selected,
raw/page-0007.json#/notices/141,632488-2026,not_selected,
raw/page-0007.json#/notices/142,632333-2026,not_selected,
raw/page-0007.json#/notices/143,632319-2026,not_selected,
raw/page-0007.json#/notices/144,632318-2026,not_selected,
raw/page-0007.json#/notices/145,632311-2026,not_selected,
raw/page-0007.json#/notices/146,632310-2026,uncertain,INVALID_VALUE
raw/page-0007.json#/notices/147,632258-2026,not_selected,
raw/page-0007.json#/notices/148,632139-2026,not_selected,
raw/page-0007.json#/notices/149,632133-2026,not_selected,
raw/page-0007.json#/notices/150,632065-2026,not_selected,
raw/page-0007.json#/notices/151,632044-2026,not_selected,
raw/page-0007.json#/notices/152,632043-2026,not_selected,
raw/page-0007.json#/notices/153,631942-2026,not_selected,
raw/page-0007.json#/notices/154,631743-2026,not_selected,
raw/page-0007.json#/notices/155,631737-2026,not_selected,
raw/page-0007.json#/notices/156,631711-2026,not_selected,
raw/page-0007.json#/notices/157,631689-2026,not_selected,
raw/page-0007.json#/notices/158,631673-2026,not_selected,
raw/page-0007.json#/notices/159,631666-2026,not_selected,
raw/page-0007.json#/notices/160,631556-2026,not_selected,
raw/page-0007.json#/notices/161,631541-2026,not_selected,
raw/page-0007.json#/notices/162,631525-2026,not_selected,
raw/page-0007.json#/notices/163,631513-2026,not_selected,
raw/page-0007.json#/notices/164,631498-2026,not_selected,
raw/page-0007.json#/notices/165,631413-2026,not_selected,
raw/page-0007.json#/notices/166,631401-2026,not_selected,
raw/page-0007.json#/notices/167,631384-2026,not_selected,
raw/page-0007.json#/notices/168,631363-2026,not_selected,
raw/page-0007.json#/notices/169,631233-2026,not_selected,
raw/page-0007.json#/notices/170,631162-2026,not_selected,
raw/page-0007.json#/notices/171,631086-2026,not_selected,
raw/page-0007.json#/notices/172,631085-2026,not_selected,
raw/page-0007.json#/notices/173,631056-2026,not_selected,
raw/page-0007.json#/notices/174,631040-2026,not_selected,
raw/page-0007.json#/notices/175,631012-2026,not_selected,
raw/page-0007.json#/notices/176,630963-2026,not_selected,
raw/page-0007.json#/notices/177,630921-2026,not_selected,
raw/page-0007.json#/notices/178,630915-2026,not_selected,
raw/page-0007.json#/notices/179,630897-2026,not_selected,
raw/page-0007.json#/notices/180,630861-2026,not_selected,
raw/page-0007.json#/notices/181,630830-2026,not_selected,
raw/page-0007.json#/notices/182,630827-2026,not_selected,
raw/page-0007.json#/notices/183,630782-2026,not_selected,
raw/page-0007.json#/notices/184,630611-2026,not_selected,
raw/page-0007.json#/notices/185,630602-2026,not_selected,
raw/page-0007.json#/notices/186,630595-2026,not_selected,
raw/page-0007.json#/notices/187,630581-2026,not_selected,
raw/page-0007.json#/notices/188,630562-2026,not_selected,
raw/page-0007.json#/notices/189,630527-2026,not_selected,
raw/page-0007.json#/notices/190,630503-2026,not_selected,
raw/page-0007.json#/notices/191,630477-2026,not_selected,
raw/page-0007.json#/notices/192,630475-2026,not_selected,
raw/page-0007.json#/notices/193,630393-2026,not_selected,
raw/page-0007.json#/notices/194,630377-2026,not_selected,
raw/page-0007.json#/notices/195,630375-2026,not_selected,
raw/page-0007.json#/notices/196,630299-2026,not_selected,
raw/page-0007.json#/notices/197,630267-2026,not_selected,
raw/page-0007.json#/notices/198,630265-2026,not_selected,
raw/page-0007.json#/notices/199,630081-2026,not_selected,
raw/page-0007.json#/notices/200,629969-2026,not_selected,
raw/page-0007.json#/notices/201,629967-2026,not_selected,
raw/page-0007.json#/notices/202,629951-2026,not_selected,
raw/page-0007.json#/notices/203,629945-2026,not_selected,
raw/page-0007.json#/notices/204,629845-2026,not_selected,
raw/page-0007.json#/notices/205,629828-2026,not_selected,
raw/page-0007.json#/notices/206,629811-2026,not_selected,
raw/page-0007.json#/notices/207,629755-2026,not_selected,
raw/page-0007.json#/notices/208,629689-2026,not_selected,
raw/page-0007.json#/notices/209,629642-2026,not_selected,
raw/page-0007.json#/notices/210,629621-2026,not_selected,
raw/page-0007.json#/notices/211,629601-2026,not_selected,
raw/page-0007.json#/notices/212,629600-2026,not_selected,
raw/page-0007.json#/notices/213,629580-2026,not_selected,
raw/page-0007.json#/notices/214,629492-2026,not_selected,
raw/page-0007.json#/notices/215,629416-2026,not_selected,
raw/page-0007.json#/notices/216,629412-2026,not_selected,
raw/page-0007.json#/notices/217,629359-2026,not_selected,
raw/page-0007.json#/notices/218,629355-2026,not_selected,
raw/page-0007.json#/notices/219,629342-2026,not_selected,
raw/page-0007.json#/notices/220,629318-2026,not_selected,
raw/page-0007.json#/notices/221,629230-2026,not_selected,
raw/page-0007.json#/notices/222,629209-2026,not_selected,
raw/page-0007.json#/notices/223,629150-2026,not_selected,
raw/page-0007.json#/notices/224,629127-2026,not_selected,
raw/page-0007.json#/notices/225,629107-2026,not_selected,
raw/page-0007.json#/notices/226,629099-2026,not_selected,
raw/page-0007.json#/notices/227,629070-2026,not_selected,
raw/page-0007.json#/notices/228,629029-2026,not_selected,
raw/page-0007.json#/notices/229,628979-2026,not_selected,
raw/page-0007.json#/notices/230,628973-2026,not_selected,
raw/page-0007.json#/notices/231,628958-2026,not_selected,
raw/page-0007.json#/notices/232,628877-2026,not_selected,
raw/page-0007.json#/notices/233,628837-2026,not_selected,
raw/page-0007.json#/notices/234,628761-2026,not_selected,
raw/page-0007.json#/notices/235,628750-2026,not_selected,
raw/page-0007.json#/notices/236,628711-2026,not_selected,
raw/page-0007.json#/notices/237,628633-2026,uncertain,INVALID_VALUE
raw/page-0007.json#/notices/238,628625-2026,not_selected,
raw/page-0007.json#/notices/239,628613-2026,not_selected,
raw/page-0007.json#/notices/240,628547-2026,not_selected,
raw/page-0007.json#/notices/241,628511-2026,not_selected,
raw/page-0007.json#/notices/242,628494-2026,not_selected,
raw/page-0007.json#/notices/243,628478-2026,not_selected,
raw/page-0007.json#/notices/244,628448-2026,not_selected,
raw/page-0007.json#/notices/245,628447-2026,not_selected,
raw/page-0007.json#/notices/246,628444-2026,not_selected,
raw/page-0007.json#/notices/247,628406-2026,not_selected,
raw/page-0007.json#/notices/248,628381-2026,not_selected,
raw/page-0007.json#/notices/249,628357-2026,not_selected,
raw/page-0008.json#/notices/0,628288-2026,not_selected,
raw/page-0008.json#/notices/1,628279-2026,not_selected,
raw/page-0008.json#/notices/2,628262-2026,not_selected,
raw/page-0008.json#/notices/3,628207-2026,not_selected,
raw/page-0008.json#/notices/4,628159-2026,not_selected,
raw/page-0008.json#/notices/5,628158-2026,uncertain,INVALID_VALUE
raw/page-0008.json#/notices/6,628146-2026,not_selected,
raw/page-0008.json#/notices/7,628141-2026,not_selected,
raw/page-0008.json#/notices/8,628128-2026,not_selected,
raw/page-0008.json#/notices/9,628046-2026,not_selected,
raw/page-0008.json#/notices/10,628035-2026,not_selected,
raw/page-0008.json#/notices/11,628021-2026,not_selected,
raw/page-0008.json#/notices/12,627883-2026,not_selected,
raw/page-0008.json#/notices/13,627801-2026,not_selected,
raw/page-0008.json#/notices/14,627795-2026,not_selected,
raw/page-0008.json#/notices/15,627778-2026,not_selected,
raw/page-0008.json#/notices/16,627765-2026,not_selected,
raw/page-0008.json#/notices/17,627740-2026,not_selected,
raw/page-0008.json#/notices/18,627727-2026,not_selected,
raw/page-0008.json#/notices/19,627663-2026,not_selected,
raw/page-0008.json#/notices/20,627657-2026,not_selected,
raw/page-0008.json#/notices/21,627588-2026,not_selected,
raw/page-0008.json#/notices/22,627564-2026,not_selected,
raw/page-0008.json#/notices/23,627505-2026,not_selected,
raw/page-0008.json#/notices/24,627504-2026,not_selected,
raw/page-0008.json#/notices/25,627416-2026,not_selected,
raw/page-0008.json#/notices/26,627335-2026,not_selected,
raw/page-0008.json#/notices/27,627309-2026,not_selected,
raw/page-0008.json#/notices/28,627295-2026,not_selected,
raw/page-0008.json#/notices/29,627273-2026,not_selected,
raw/page-0008.json#/notices/30,627239-2026,not_selected,
raw/page-0008.json#/notices/31,627198-2026,not_selected,
raw/page-0008.json#/notices/32,627143-2026,not_selected,
raw/page-0008.json#/notices/33,627104-2026,not_selected,
raw/page-0008.json#/notices/34,627083-2026,not_selected,
raw/page-0008.json#/notices/35,627079-2026,not_selected,
raw/page-0008.json#/notices/36,627045-2026,not_selected,
raw/page-0008.json#/notices/37,627034-2026,not_selected,
raw/page-0008.json#/notices/38,626999-2026,not_selected,
raw/page-0008.json#/notices/39,626970-2026,not_selected,
raw/page-0008.json#/notices/40,626871-2026,not_selected,
raw/page-0008.json#/notices/41,626865-2026,not_selected,
raw/page-0008.json#/notices/42,626853-2026,not_selected,
raw/page-0008.json#/notices/43,626784-2026,not_selected,
raw/page-0008.json#/notices/44,626768-2026,not_selected,
raw/page-0008.json#/notices/45,626744-2026,not_selected,
raw/page-0008.json#/notices/46,626725-2026,not_selected,
raw/page-0008.json#/notices/47,626722-2026,not_selected,
raw/page-0008.json#/notices/48,626704-2026,not_selected,
raw/page-0008.json#/notices/49,626655-2026,not_selected,
raw/page-0008.json#/notices/50,626622-2026,not_selected,
raw/page-0008.json#/notices/51,626576-2026,not_selected,
raw/page-0008.json#/notices/52,626573-2026,not_selected,
raw/page-0008.json#/notices/53,626454-2026,not_selected,
raw/page-0008.json#/notices/54,626317-2026,not_selected,
raw/page-0008.json#/notices/55,626254-2026,not_selected,
raw/page-0008.json#/notices/56,626235-2026,not_selected,
raw/page-0008.json#/notices/57,626230-2026,not_selected,
raw/page-0008.json#/notices/58,626216-2026,not_selected,
raw/page-0008.json#/notices/59,626194-2026,not_selected,
raw/page-0008.json#/notices/60,626125-2026,not_selected,
raw/page-0008.json#/notices/61,626102-2026,not_selected,
raw/page-0008.json#/notices/62,626093-2026,not_selected,
raw/page-0008.json#/notices/63,626082-2026,not_selected,
raw/page-0008.json#/notices/64,626058-2026,not_selected,
raw/page-0008.json#/notices/65,626027-2026,not_selected,
raw/page-0008.json#/notices/66,626025-2026,not_selected,
raw/page-0008.json#/notices/67,626008-2026,not_selected,
raw/page-0008.json#/notices/68,625975-2026,not_selected,
raw/page-0008.json#/notices/69,625880-2026,not_selected,
raw/page-0008.json#/notices/70,625810-2026,not_selected,
raw/page-0008.json#/notices/71,625790-2026,not_selected,
raw/page-0008.json#/notices/72,625753-2026,not_selected,
raw/page-0008.json#/notices/73,625750-2026,not_selected,
raw/page-0008.json#/notices/74,625728-2026,not_selected,
raw/page-0008.json#/notices/75,625723-2026,not_selected,
raw/page-0008.json#/notices/76,625719-2026,not_selected,
raw/page-0008.json#/notices/77,625657-2026,not_selected,
raw/page-0008.json#/notices/78,625647-2026,not_selected,
raw/page-0008.json#/notices/79,625612-2026,not_selected,
raw/page-0008.json#/notices/80,625604-2026,not_selected,
raw/page-0008.json#/notices/81,625575-2026,not_selected,
raw/page-0008.json#/notices/82,625539-2026,not_selected,
raw/page-0008.json#/notices/83,625533-2026,not_selected,
raw/page-0008.json#/notices/84,625474-2026,not_selected,
raw/page-0008.json#/notices/85,625469-2026,not_selected,
raw/page-0008.json#/notices/86,625396-2026,not_selected,
raw/page-0008.json#/notices/87,625223-2026,not_selected,
raw/page-0008.json#/notices/88,625194-2026,not_selected,
raw/page-0008.json#/notices/89,625176-2026,not_selected,
raw/page-0008.json#/notices/90,625152-2026,not_selected,
raw/page-0008.json#/notices/91,625093-2026,not_selected,
raw/page-0008.json#/notices/92,625085-2026,not_selected,
raw/page-0008.json#/notices/93,625039-2026,not_selected,
raw/page-0008.json#/notices/94,624950-2026,not_selected,
raw/page-0008.json#/notices/95,624917-2026,not_selected,
raw/page-0008.json#/notices/96,624897-2026,not_selected,
raw/page-0008.json#/notices/97,624876-2026,not_selected,
raw/page-0008.json#/notices/98,624855-2026,not_selected,
raw/page-0008.json#/notices/99,624820-2026,not_selected,
raw/page-0008.json#/notices/100,624808-2026,not_selected,
raw/page-0008.json#/notices/101,624783-2026,not_selected,
raw/page-0008.json#/notices/102,624633-2026,not_selected,
raw/page-0008.json#/notices/103,624622-2026,not_selected,
raw/page-0008.json#/notices/104,624620-2026,not_selected,
raw/page-0008.json#/notices/105,624617-2026,not_selected,
raw/page-0008.json#/notices/106,624602-2026,not_selected,
raw/page-0008.json#/notices/107,624574-2026,not_selected,
raw/page-0008.json#/notices/108,624561-2026,not_selected,
raw/page-0008.json#/notices/109,624530-2026,not_selected,
raw/page-0008.json#/notices/110,624514-2026,not_selected,
raw/page-0008.json#/notices/111,624504-2026,not_selected,
raw/page-0008.json#/notices/112,624460-2026,not_selected,
raw/page-0008.json#/notices/113,624450-2026,not_selected,
raw/page-0008.json#/notices/114,624375-2026,not_selected,
raw/page-0008.json#/notices/115,624370-2026,not_selected,
raw/page-0008.json#/notices/116,624345-2026,not_selected,
raw/page-0008.json#/notices/117,624328-2026,not_selected,
raw/page-0008.json#/notices/118,624327-2026,not_selected,
raw/page-0008.json#/notices/119,624301-2026,not_selected,
raw/page-0008.json#/notices/120,624286-2026,not_selected,
raw/page-0008.json#/notices/121,624283-2026,not_selected,
raw/page-0008.json#/notices/122,624227-2026,not_selected,
raw/page-0008.json#/notices/123,624190-2026,not_selected,
raw/page-0008.json#/notices/124,624172-2026,uncertain,INVALID_VALUE
raw/page-0008.json#/notices/125,624129-2026,not_selected,
raw/page-0008.json#/notices/126,624073-2026,not_selected,
raw/page-0008.json#/notices/127,624042-2026,not_selected,
raw/page-0008.json#/notices/128,623906-2026,not_selected,
raw/page-0008.json#/notices/129,623837-2026,not_selected,
raw/page-0008.json#/notices/130,623790-2026,not_selected,
raw/page-0008.json#/notices/131,623758-2026,not_selected,
raw/page-0008.json#/notices/132,623749-2026,not_selected,
raw/page-0008.json#/notices/133,623744-2026,not_selected,
raw/page-0008.json#/notices/134,623741-2026,not_selected,
raw/page-0008.json#/notices/135,623705-2026,not_selected,
raw/page-0008.json#/notices/136,623700-2026,not_selected,
raw/page-0008.json#/notices/137,623691-2026,uncertain,INVALID_VALUE
raw/page-0008.json#/notices/138,623678-2026,not_selected,
raw/page-0008.json#/notices/139,623676-2026,uncertain,INVALID_VALUE
raw/page-0008.json#/notices/140,623543-2026,not_selected,
raw/page-0008.json#/notices/141,623542-2026,not_selected,
raw/page-0008.json#/notices/142,623507-2026,not_selected,
raw/page-0008.json#/notices/143,623485-2026,not_selected,
raw/page-0008.json#/notices/144,623425-2026,not_selected,
raw/page-0008.json#/notices/145,623382-2026,not_selected,
raw/page-0008.json#/notices/146,623369-2026,uncertain,INVALID_VALUE
raw/page-0008.json#/notices/147,623364-2026,not_selected,
raw/page-0008.json#/notices/148,623330-2026,not_selected,
raw/page-0008.json#/notices/149,623306-2026,not_selected,
raw/page-0008.json#/notices/150,623293-2026,not_selected,
raw/page-0008.json#/notices/151,623282-2026,not_selected,
raw/page-0008.json#/notices/152,623280-2026,not_selected,
raw/page-0008.json#/notices/153,623277-2026,not_selected,
raw/page-0008.json#/notices/154,623262-2026,not_selected,
raw/page-0008.json#/notices/155,623228-2026,not_selected,
raw/page-0008.json#/notices/156,623206-2026,not_selected,
raw/page-0008.json#/notices/157,623162-2026,not_selected,
raw/page-0008.json#/notices/158,623158-2026,not_selected,
raw/page-0008.json#/notices/159,623105-2026,not_selected,
raw/page-0008.json#/notices/160,623102-2026,not_selected,
raw/page-0008.json#/notices/161,623087-2026,not_selected,
raw/page-0008.json#/notices/162,623046-2026,not_selected,
raw/page-0008.json#/notices/163,623038-2026,not_selected,
raw/page-0008.json#/notices/164,623015-2026,not_selected,
raw/page-0008.json#/notices/165,622985-2026,not_selected,
raw/page-0008.json#/notices/166,622913-2026,not_selected,
raw/page-0008.json#/notices/167,622833-2026,not_selected,
raw/page-0008.json#/notices/168,622727-2026,not_selected,
raw/page-0008.json#/notices/169,622666-2026,not_selected,
raw/page-0008.json#/notices/170,622641-2026,not_selected,
raw/page-0008.json#/notices/171,622614-2026,not_selected,
raw/page-0008.json#/notices/172,622595-2026,not_selected,
raw/page-0008.json#/notices/173,622583-2026,not_selected,
raw/page-0008.json#/notices/174,622581-2026,not_selected,
raw/page-0008.json#/notices/175,622536-2026,not_selected,
raw/page-0008.json#/notices/176,622533-2026,uncertain,INVALID_VALUE
raw/page-0008.json#/notices/177,622522-2026,not_selected,
raw/page-0008.json#/notices/178,622516-2026,not_selected,
raw/page-0008.json#/notices/179,622507-2026,not_selected,
raw/page-0008.json#/notices/180,622415-2026,not_selected,
raw/page-0008.json#/notices/181,622374-2026,not_selected,
raw/page-0008.json#/notices/182,622337-2026,not_selected,
raw/page-0008.json#/notices/183,622336-2026,not_selected,
raw/page-0008.json#/notices/184,622312-2026,not_selected,
raw/page-0008.json#/notices/185,622212-2026,not_selected,
raw/page-0008.json#/notices/186,622193-2026,not_selected,
raw/page-0008.json#/notices/187,622190-2026,not_selected,
raw/page-0008.json#/notices/188,622056-2026,not_selected,
raw/page-0008.json#/notices/189,622042-2026,not_selected,
raw/page-0008.json#/notices/190,622026-2026,not_selected,
raw/page-0008.json#/notices/191,622005-2026,not_selected,
raw/page-0008.json#/notices/192,621898-2026,not_selected,
raw/page-0008.json#/notices/193,621821-2026,not_selected,
raw/page-0008.json#/notices/194,621806-2026,not_selected,
raw/page-0008.json#/notices/195,621727-2026,not_selected,
raw/page-0008.json#/notices/196,621633-2026,not_selected,
raw/page-0008.json#/notices/197,621628-2026,not_selected,
raw/page-0008.json#/notices/198,621408-2026,not_selected,
raw/page-0008.json#/notices/199,621367-2026,not_selected,
raw/page-0008.json#/notices/200,621319-2026,not_selected,
raw/page-0008.json#/notices/201,621203-2026,not_selected,
raw/page-0008.json#/notices/202,621200-2026,not_selected,
raw/page-0008.json#/notices/203,621186-2026,uncertain,INVALID_VALUE
raw/page-0008.json#/notices/204,621127-2026,not_selected,
raw/page-0008.json#/notices/205,621114-2026,not_selected,
raw/page-0008.json#/notices/206,621105-2026,not_selected,
raw/page-0008.json#/notices/207,621098-2026,not_selected,
raw/page-0008.json#/notices/208,621094-2026,not_selected,
raw/page-0008.json#/notices/209,621081-2026,not_selected,
raw/page-0008.json#/notices/210,621074-2026,not_selected,
raw/page-0008.json#/notices/211,621050-2026,not_selected,
raw/page-0008.json#/notices/212,621003-2026,not_selected,
raw/page-0008.json#/notices/213,620799-2026,not_selected,
raw/page-0008.json#/notices/214,620789-2026,not_selected,
raw/page-0008.json#/notices/215,620772-2026,not_selected,
raw/page-0008.json#/notices/216,620733-2026,not_selected,
raw/page-0008.json#/notices/217,620634-2026,not_selected,
raw/page-0008.json#/notices/218,620576-2026,not_selected,
raw/page-0008.json#/notices/219,620568-2026,not_selected,
raw/page-0008.json#/notices/220,620462-2026,not_selected,
raw/page-0008.json#/notices/221,620461-2026,not_selected,
raw/page-0008.json#/notices/222,620459-2026,not_selected,
raw/page-0008.json#/notices/223,620413-2026,not_selected,
raw/page-0008.json#/notices/224,620396-2026,not_selected,
raw/page-0008.json#/notices/225,620359-2026,not_selected,
raw/page-0008.json#/notices/226,620300-2026,not_selected,
raw/page-0008.json#/notices/227,620296-2026,not_selected,
raw/page-0008.json#/notices/228,620265-2026,not_selected,
raw/page-0008.json#/notices/229,620246-2026,not_selected,
raw/page-0008.json#/notices/230,620238-2026,not_selected,
raw/page-0008.json#/notices/231,620200-2026,not_selected,
raw/page-0008.json#/notices/232,620050-2026,not_selected,
raw/page-0008.json#/notices/233,620032-2026,not_selected,
raw/page-0008.json#/notices/234,620029-2026,not_selected,
raw/page-0008.json#/notices/235,619990-2026,not_selected,
raw/page-0008.json#/notices/236,619968-2026,not_selected,
raw/page-0008.json#/notices/237,619892-2026,not_selected,
raw/page-0008.json#/notices/238,619839-2026,not_selected,
raw/page-0008.json#/notices/239,619835-2026,not_selected,
raw/page-0008.json#/notices/240,619754-2026,not_selected,
raw/page-0008.json#/notices/241,619695-2026,not_selected,
raw/page-0008.json#/notices/242,619663-2026,not_selected,
raw/page-0008.json#/notices/243,619646-2026,not_selected,
raw/page-0008.json#/notices/244,619602-2026,not_selected,
raw/page-0008.json#/notices/245,619594-2026,not_selected,
raw/page-0008.json#/notices/246,619446-2026,not_selected,
raw/page-0008.json#/notices/247,619445-2026,not_selected,
raw/page-0008.json#/notices/248,619440-2026,not_selected,
raw/page-0008.json#/notices/249,619333-2026,not_selected,
raw/page-0009.json#/notices/0,619170-2026,not_selected,
raw/page-0009.json#/notices/1,619165-2026,not_selected,
raw/page-0009.json#/notices/2,619094-2026,not_selected,
raw/page-0009.json#/notices/3,619012-2026,not_selected,
raw/page-0009.json#/notices/4,619008-2026,not_selected,
raw/page-0009.json#/notices/5,618976-2026,not_selected,
raw/page-0009.json#/notices/6,618963-2026,not_selected,
raw/page-0009.json#/notices/7,618886-2026,not_selected,
raw/page-0009.json#/notices/8,618865-2026,not_selected,
raw/page-0009.json#/notices/9,618771-2026,not_selected,
raw/page-0009.json#/notices/10,618762-2026,not_selected,
raw/page-0009.json#/notices/11,618751-2026,not_selected,
raw/page-0009.json#/notices/12,618696-2026,not_selected,
raw/page-0009.json#/notices/13,618522-2026,not_selected,
raw/page-0009.json#/notices/14,618418-2026,not_selected,
raw/page-0009.json#/notices/15,618387-2026,not_selected,
raw/page-0009.json#/notices/16,618320-2026,not_selected,
raw/page-0009.json#/notices/17,618308-2026,not_selected,
raw/page-0009.json#/notices/18,618306-2026,not_selected,
raw/page-0009.json#/notices/19,618272-2026,not_selected,
raw/page-0009.json#/notices/20,618262-2026,not_selected,
raw/page-0009.json#/notices/21,618224-2026,not_selected,
raw/page-0009.json#/notices/22,618212-2026,not_selected,
raw/page-0009.json#/notices/23,618209-2026,not_selected,
raw/page-0009.json#/notices/24,618200-2026,not_selected,
raw/page-0009.json#/notices/25,618126-2026,not_selected,
raw/page-0009.json#/notices/26,618124-2026,not_selected,
raw/page-0009.json#/notices/27,618034-2026,not_selected,
raw/page-0009.json#/notices/28,618005-2026,not_selected,
raw/page-0009.json#/notices/29,618001-2026,not_selected,
raw/page-0009.json#/notices/30,617999-2026,not_selected,
raw/page-0009.json#/notices/31,617985-2026,not_selected,
raw/page-0009.json#/notices/32,617956-2026,not_selected,
raw/page-0009.json#/notices/33,617955-2026,not_selected,
raw/page-0009.json#/notices/34,617889-2026,not_selected,
raw/page-0009.json#/notices/35,617875-2026,not_selected,
raw/page-0009.json#/notices/36,617688-2026,not_selected,
raw/page-0009.json#/notices/37,617630-2026,not_selected,
raw/page-0009.json#/notices/38,617591-2026,not_selected,
raw/page-0009.json#/notices/39,617556-2026,not_selected,
raw/page-0009.json#/notices/40,617537-2026,not_selected,
raw/page-0009.json#/notices/41,617518-2026,not_selected,
raw/page-0009.json#/notices/42,617481-2026,not_selected,
raw/page-0009.json#/notices/43,617467-2026,not_selected,
raw/page-0009.json#/notices/44,617439-2026,not_selected,
raw/page-0009.json#/notices/45,617228-2026,not_selected,
raw/page-0009.json#/notices/46,617130-2026,not_selected,
raw/page-0009.json#/notices/47,617086-2026,not_selected,
raw/page-0009.json#/notices/48,617085-2026,not_selected,
raw/page-0009.json#/notices/49,617067-2026,not_selected,
raw/page-0009.json#/notices/50,617041-2026,not_selected,
raw/page-0009.json#/notices/51,617032-2026,not_selected,
raw/page-0009.json#/notices/52,617023-2026,not_selected,
raw/page-0009.json#/notices/53,616979-2026,not_selected,
raw/page-0009.json#/notices/54,616969-2026,not_selected,
raw/page-0009.json#/notices/55,616965-2026,not_selected,
raw/page-0009.json#/notices/56,616933-2026,not_selected,
raw/page-0009.json#/notices/57,616931-2026,not_selected,
raw/page-0009.json#/notices/58,616925-2026,not_selected,
raw/page-0009.json#/notices/59,616924-2026,not_selected,
raw/page-0009.json#/notices/60,616901-2026,not_selected,
raw/page-0009.json#/notices/61,616812-2026,not_selected,
raw/page-0009.json#/notices/62,616789-2026,not_selected,
raw/page-0009.json#/notices/63,616678-2026,not_selected,
raw/page-0009.json#/notices/64,616643-2026,not_selected,
raw/page-0009.json#/notices/65,616639-2026,not_selected,
raw/page-0009.json#/notices/66,616606-2026,not_selected,
raw/page-0009.json#/notices/67,616566-2026,not_selected,
raw/page-0009.json#/notices/68,616535-2026,not_selected,
raw/page-0009.json#/notices/69,616519-2026,not_selected,
raw/page-0009.json#/notices/70,616500-2026,not_selected,
raw/page-0009.json#/notices/71,616468-2026,not_selected,
raw/page-0009.json#/notices/72,616433-2026,not_selected,
raw/page-0009.json#/notices/73,616384-2026,not_selected,
raw/page-0009.json#/notices/74,616361-2026,not_selected,
raw/page-0009.json#/notices/75,616316-2026,not_selected,
raw/page-0009.json#/notices/76,616256-2026,not_selected,
raw/page-0009.json#/notices/77,616200-2026,not_selected,
raw/page-0009.json#/notices/78,616198-2026,not_selected,
raw/page-0009.json#/notices/79,616196-2026,not_selected,
raw/page-0009.json#/notices/80,616169-2026,not_selected,
raw/page-0009.json#/notices/81,616070-2026,not_selected,
raw/page-0009.json#/notices/82,616038-2026,not_selected,
raw/page-0009.json#/notices/83,616014-2026,not_selected,
raw/page-0009.json#/notices/84,616013-2026,not_selected,
raw/page-0009.json#/notices/85,615999-2026,not_selected,
raw/page-0009.json#/notices/86,615892-2026,not_selected,
raw/page-0009.json#/notices/87,615872-2026,not_selected,
raw/page-0009.json#/notices/88,615842-2026,not_selected,
raw/page-0009.json#/notices/89,615828-2026,not_selected,
raw/page-0009.json#/notices/90,615778-2026,not_selected,
raw/page-0009.json#/notices/91,615757-2026,not_selected,
raw/page-0009.json#/notices/92,615748-2026,not_selected,
raw/page-0009.json#/notices/93,615710-2026,not_selected,
raw/page-0009.json#/notices/94,615695-2026,not_selected,
raw/page-0009.json#/notices/95,615694-2026,not_selected,
raw/page-0009.json#/notices/96,615690-2026,not_selected,
raw/page-0009.json#/notices/97,615665-2026,not_selected,
raw/page-0009.json#/notices/98,615663-2026,not_selected,
raw/page-0009.json#/notices/99,615654-2026,not_selected,
raw/page-0009.json#/notices/100,615645-2026,not_selected,
raw/page-0009.json#/notices/101,615624-2026,not_selected,
raw/page-0009.json#/notices/102,615576-2026,not_selected,
raw/page-0009.json#/notices/103,615567-2026,not_selected,
raw/page-0009.json#/notices/104,615556-2026,not_selected,
raw/page-0009.json#/notices/105,615529-2026,not_selected,
raw/page-0009.json#/notices/106,615490-2026,not_selected,
raw/page-0009.json#/notices/107,615459-2026,not_selected,
raw/page-0009.json#/notices/108,615444-2026,not_selected,
raw/page-0009.json#/notices/109,615414-2026,not_selected,
raw/page-0009.json#/notices/110,615392-2026,not_selected,
raw/page-0009.json#/notices/111,615340-2026,not_selected,
raw/page-0009.json#/notices/112,615327-2026,not_selected,
raw/page-0009.json#/notices/113,615318-2026,not_selected,
raw/page-0009.json#/notices/114,615237-2026,not_selected,
raw/page-0009.json#/notices/115,615083-2026,not_selected,
raw/page-0009.json#/notices/116,615053-2026,not_selected,
raw/page-0009.json#/notices/117,615032-2026,not_selected,
raw/page-0009.json#/notices/118,614992-2026,not_selected,
raw/page-0009.json#/notices/119,614936-2026,not_selected,
raw/page-0009.json#/notices/120,614913-2026,not_selected,
raw/page-0009.json#/notices/121,614898-2026,not_selected,
raw/page-0009.json#/notices/122,614857-2026,not_selected,
raw/page-0009.json#/notices/123,614813-2026,not_selected,
raw/page-0009.json#/notices/124,614757-2026,not_selected,
raw/page-0009.json#/notices/125,614750-2026,not_selected,
raw/page-0009.json#/notices/126,614680-2026,not_selected,
raw/page-0009.json#/notices/127,614591-2026,not_selected,
raw/page-0009.json#/notices/128,614548-2026,not_selected,
raw/page-0009.json#/notices/129,614498-2026,not_selected,
raw/page-0009.json#/notices/130,614251-2026,not_selected,
raw/page-0009.json#/notices/131,614132-2026,not_selected,
raw/page-0009.json#/notices/132,614032-2026,not_selected,
raw/page-0009.json#/notices/133,614026-2026,not_selected,
raw/page-0009.json#/notices/134,614017-2026,not_selected,
raw/page-0009.json#/notices/135,614009-2026,not_selected,
raw/page-0009.json#/notices/136,613944-2026,not_selected,
raw/page-0009.json#/notices/137,613943-2026,not_selected,
raw/page-0009.json#/notices/138,613920-2026,not_selected,
raw/page-0009.json#/notices/139,613914-2026,not_selected,
raw/page-0009.json#/notices/140,613863-2026,not_selected,
raw/page-0009.json#/notices/141,613859-2026,not_selected,
raw/page-0009.json#/notices/142,613801-2026,not_selected,
raw/page-0009.json#/notices/143,613781-2026,not_selected,
raw/page-0009.json#/notices/144,613749-2026,not_selected,
raw/page-0009.json#/notices/145,613719-2026,not_selected,
raw/page-0009.json#/notices/146,613716-2026,not_selected,
raw/page-0009.json#/notices/147,613713-2026,not_selected,
raw/page-0009.json#/notices/148,613690-2026,not_selected,
raw/page-0009.json#/notices/149,613647-2026,not_selected,
raw/page-0009.json#/notices/150,613634-2026,not_selected,
raw/page-0009.json#/notices/151,613588-2026,not_selected,
raw/page-0009.json#/notices/152,613488-2026,not_selected,
raw/page-0009.json#/notices/153,613474-2026,not_selected,
raw/page-0009.json#/notices/154,613468-2026,not_selected,
raw/page-0009.json#/notices/155,613419-2026,not_selected,
raw/page-0009.json#/notices/156,613275-2026,not_selected,
raw/page-0009.json#/notices/157,613264-2026,not_selected,
raw/page-0009.json#/notices/158,613259-2026,not_selected,
raw/page-0009.json#/notices/159,613255-2026,not_selected,
raw/page-0009.json#/notices/160,613225-2026,not_selected,
raw/page-0009.json#/notices/161,613172-2026,not_selected,
raw/page-0009.json#/notices/162,613123-2026,not_selected,
raw/page-0009.json#/notices/163,613105-2026,not_selected,
raw/page-0009.json#/notices/164,613089-2026,not_selected,
raw/page-0009.json#/notices/165,612998-2026,not_selected,
raw/page-0009.json#/notices/166,612960-2026,not_selected,
raw/page-0009.json#/notices/167,612936-2026,not_selected,
raw/page-0009.json#/notices/168,612926-2026,not_selected,
raw/page-0009.json#/notices/169,612907-2026,not_selected,
raw/page-0009.json#/notices/170,612892-2026,not_selected,
raw/page-0009.json#/notices/171,612876-2026,not_selected,
raw/page-0009.json#/notices/172,612821-2026,uncertain,INVALID_VALUE
raw/page-0009.json#/notices/173,612808-2026,not_selected,
raw/page-0009.json#/notices/174,612787-2026,not_selected,
raw/page-0009.json#/notices/175,612757-2026,not_selected,
raw/page-0009.json#/notices/176,612755-2026,not_selected,
raw/page-0009.json#/notices/177,612729-2026,not_selected,
raw/page-0009.json#/notices/178,612728-2026,not_selected,
raw/page-0009.json#/notices/179,612672-2026,not_selected,
raw/page-0009.json#/notices/180,612647-2026,not_selected,
raw/page-0009.json#/notices/181,612643-2026,not_selected,
raw/page-0009.json#/notices/182,612618-2026,not_selected,
raw/page-0009.json#/notices/183,612559-2026,not_selected,
raw/page-0009.json#/notices/184,612553-2026,not_selected,
raw/page-0009.json#/notices/185,612451-2026,uncertain,INVALID_VALUE
raw/page-0009.json#/notices/186,612439-2026,not_selected,
raw/page-0009.json#/notices/187,612421-2026,not_selected,
raw/page-0009.json#/notices/188,612415-2026,not_selected,
raw/page-0009.json#/notices/189,612411-2026,not_selected,
raw/page-0009.json#/notices/190,612401-2026,not_selected,
raw/page-0009.json#/notices/191,612350-2026,not_selected,
raw/page-0009.json#/notices/192,612328-2026,not_selected,
raw/page-0009.json#/notices/193,612307-2026,not_selected,
raw/page-0009.json#/notices/194,612256-2026,not_selected,
raw/page-0009.json#/notices/195,612181-2026,not_selected,
raw/page-0009.json#/notices/196,612170-2026,not_selected,
raw/page-0009.json#/notices/197,612162-2026,not_selected,
raw/page-0009.json#/notices/198,612141-2026,not_selected,
raw/page-0009.json#/notices/199,612139-2026,not_selected,
raw/page-0009.json#/notices/200,612132-2026,not_selected,
raw/page-0009.json#/notices/201,612126-2026,not_selected,
raw/page-0009.json#/notices/202,612103-2026,not_selected,
raw/page-0009.json#/notices/203,612012-2026,not_selected,
raw/page-0009.json#/notices/204,611953-2026,not_selected,
raw/page-0009.json#/notices/205,611929-2026,not_selected,
raw/page-0009.json#/notices/206,611789-2026,not_selected,
raw/page-0009.json#/notices/207,611727-2026,not_selected,
raw/page-0009.json#/notices/208,611692-2026,not_selected,
raw/page-0009.json#/notices/209,611655-2026,not_selected,
raw/page-0009.json#/notices/210,611646-2026,not_selected,
raw/page-0009.json#/notices/211,611632-2026,not_selected,
raw/page-0009.json#/notices/212,611517-2026,not_selected,
raw/page-0009.json#/notices/213,611509-2026,not_selected,
raw/page-0009.json#/notices/214,611483-2026,not_selected,
raw/page-0009.json#/notices/215,611467-2026,not_selected,
raw/page-0009.json#/notices/216,611369-2026,not_selected,
raw/page-0009.json#/notices/217,611308-2026,not_selected,
raw/page-0009.json#/notices/218,611303-2026,not_selected,
raw/page-0009.json#/notices/219,611264-2026,not_selected,
raw/page-0009.json#/notices/220,611184-2026,not_selected,
raw/page-0009.json#/notices/221,611181-2026,not_selected,
raw/page-0009.json#/notices/222,611145-2026,not_selected,
raw/page-0009.json#/notices/223,611123-2026,not_selected,
raw/page-0009.json#/notices/224,611111-2026,not_selected,
raw/page-0009.json#/notices/225,611066-2026,not_selected,
raw/page-0009.json#/notices/226,610959-2026,not_selected,
raw/page-0009.json#/notices/227,610941-2026,not_selected,
raw/page-0009.json#/notices/228,610923-2026,not_selected,
raw/page-0009.json#/notices/229,610904-2026,not_selected,
raw/page-0009.json#/notices/230,610901-2026,not_selected,
raw/page-0009.json#/notices/231,610882-2026,not_selected,
raw/page-0009.json#/notices/232,610825-2026,not_selected,
raw/page-0009.json#/notices/233,610810-2026,not_selected,
raw/page-0009.json#/notices/234,610745-2026,not_selected,
raw/page-0009.json#/notices/235,610687-2026,not_selected,
raw/page-0009.json#/notices/236,610672-2026,not_selected,
raw/page-0009.json#/notices/237,610651-2026,not_selected,
raw/page-0009.json#/notices/238,610593-2026,not_selected,
raw/page-0009.json#/notices/239,610579-2026,not_selected,
raw/page-0009.json#/notices/240,610546-2026,not_selected,
raw/page-0009.json#/notices/241,610501-2026,not_selected,
raw/page-0009.json#/notices/242,610445-2026,not_selected,
raw/page-0009.json#/notices/243,610437-2026,not_selected,
raw/page-0009.json#/notices/244,610410-2026,not_selected,
raw/page-0009.json#/notices/245,610280-2026,not_selected,
raw/page-0009.json#/notices/246,610253-2026,not_selected,
raw/page-0009.json#/notices/247,610242-2026,not_selected,
raw/page-0009.json#/notices/248,610203-2026,not_selected,
raw/page-0009.json#/notices/249,610145-2026,not_selected,
raw/page-0010.json#/notices/0,610140-2026,not_selected,
raw/page-0010.json#/notices/1,610092-2026,not_selected,
raw/page-0010.json#/notices/2,610022-2026,not_selected,
raw/page-0010.json#/notices/3,610000-2026,not_selected,
raw/page-0010.json#/notices/4,609976-2026,not_selected,
raw/page-0010.json#/notices/5,609949-2026,not_selected,
raw/page-0010.json#/notices/6,609914-2026,not_selected,
raw/page-0010.json#/notices/7,609869-2026,not_selected,
raw/page-0010.json#/notices/8,609809-2026,not_selected,
raw/page-0010.json#/notices/9,609805-2026,not_selected,
raw/page-0010.json#/notices/10,609801-2026,not_selected,
raw/page-0010.json#/notices/11,609793-2026,not_selected,
raw/page-0010.json#/notices/12,609791-2026,not_selected,
raw/page-0010.json#/notices/13,609759-2026,not_selected,
raw/page-0010.json#/notices/14,609736-2026,not_selected,
raw/page-0010.json#/notices/15,609655-2026,not_selected,
raw/page-0010.json#/notices/16,609627-2026,not_selected,
raw/page-0010.json#/notices/17,609619-2026,not_selected,
raw/page-0010.json#/notices/18,609601-2026,not_selected,
raw/page-0010.json#/notices/19,609569-2026,not_selected,
raw/page-0010.json#/notices/20,609559-2026,not_selected,
raw/page-0010.json#/notices/21,609557-2026,not_selected,
raw/page-0010.json#/notices/22,609442-2026,not_selected,
raw/page-0010.json#/notices/23,609425-2026,not_selected,
raw/page-0010.json#/notices/24,609398-2026,not_selected,
raw/page-0010.json#/notices/25,609309-2026,not_selected,
raw/page-0010.json#/notices/26,609231-2026,not_selected,
raw/page-0010.json#/notices/27,609174-2026,not_selected,
raw/page-0010.json#/notices/28,609161-2026,not_selected,
raw/page-0010.json#/notices/29,609078-2026,not_selected,
raw/page-0010.json#/notices/30,609022-2026,not_selected,
raw/page-0010.json#/notices/31,608986-2026,not_selected,
raw/page-0010.json#/notices/32,608926-2026,not_selected,
raw/page-0010.json#/notices/33,608908-2026,not_selected,
raw/page-0010.json#/notices/34,608907-2026,not_selected,
raw/page-0010.json#/notices/35,608891-2026,not_selected,
raw/page-0010.json#/notices/36,608853-2026,not_selected,
raw/page-0010.json#/notices/37,608766-2026,not_selected,
raw/page-0010.json#/notices/38,608710-2026,not_selected,
raw/page-0010.json#/notices/39,608653-2026,not_selected,
raw/page-0010.json#/notices/40,608604-2026,not_selected,
raw/page-0010.json#/notices/41,608598-2026,not_selected,
raw/page-0010.json#/notices/42,608571-2026,not_selected,
raw/page-0010.json#/notices/43,608402-2026,not_selected,
raw/page-0010.json#/notices/44,608380-2026,not_selected,
raw/page-0010.json#/notices/45,608374-2026,not_selected,
raw/page-0010.json#/notices/46,608369-2026,not_selected,
raw/page-0010.json#/notices/47,608331-2026,not_selected,
raw/page-0010.json#/notices/48,608285-2026,not_selected,
raw/page-0010.json#/notices/49,608257-2026,not_selected,
raw/page-0010.json#/notices/50,608169-2026,not_selected,
raw/page-0010.json#/notices/51,608137-2026,not_selected,
raw/page-0010.json#/notices/52,608100-2026,not_selected,
raw/page-0010.json#/notices/53,608089-2026,not_selected,
raw/page-0010.json#/notices/54,607929-2026,not_selected,
raw/page-0010.json#/notices/55,607850-2026,not_selected,
raw/page-0010.json#/notices/56,607834-2026,not_selected,
raw/page-0010.json#/notices/57,607813-2026,not_selected,
raw/page-0010.json#/notices/58,607777-2026,not_selected,
raw/page-0010.json#/notices/59,607725-2026,not_selected,
raw/page-0010.json#/notices/60,607682-2026,not_selected,
raw/page-0010.json#/notices/61,607677-2026,not_selected,
raw/page-0010.json#/notices/62,607549-2026,not_selected,
raw/page-0010.json#/notices/63,607506-2026,uncertain,INVALID_VALUE
raw/page-0010.json#/notices/64,607445-2026,not_selected,
raw/page-0010.json#/notices/65,607377-2026,not_selected,
raw/page-0010.json#/notices/66,607360-2026,not_selected,
raw/page-0010.json#/notices/67,607331-2026,not_selected,
raw/page-0010.json#/notices/68,607256-2026,not_selected,
raw/page-0010.json#/notices/69,607238-2026,not_selected,
raw/page-0010.json#/notices/70,607232-2026,not_selected,
raw/page-0010.json#/notices/71,607229-2026,not_selected,
raw/page-0010.json#/notices/72,607206-2026,not_selected,
raw/page-0010.json#/notices/73,607165-2026,not_selected,
raw/page-0010.json#/notices/74,607160-2026,not_selected,
raw/page-0010.json#/notices/75,607159-2026,not_selected,
raw/page-0010.json#/notices/76,607100-2026,not_selected,
raw/page-0010.json#/notices/77,607065-2026,not_selected,
raw/page-0010.json#/notices/78,607010-2026,not_selected,
raw/page-0010.json#/notices/79,606961-2026,not_selected,
raw/page-0010.json#/notices/80,606913-2026,not_selected,
raw/page-0010.json#/notices/81,606897-2026,not_selected,
raw/page-0010.json#/notices/82,606883-2026,not_selected,
raw/page-0010.json#/notices/83,606817-2026,not_selected,
raw/page-0010.json#/notices/84,606794-2026,not_selected,
raw/page-0010.json#/notices/85,606752-2026,not_selected,
raw/page-0010.json#/notices/86,606705-2026,not_selected,
raw/page-0010.json#/notices/87,606700-2026,not_selected,
raw/page-0010.json#/notices/88,606655-2026,not_selected,
raw/page-0010.json#/notices/89,606531-2026,not_selected,
raw/page-0010.json#/notices/90,606506-2026,not_selected,
raw/page-0010.json#/notices/91,606502-2026,not_selected,
raw/page-0010.json#/notices/92,606494-2026,not_selected,
raw/page-0010.json#/notices/93,606491-2026,not_selected,
raw/page-0010.json#/notices/94,606440-2026,not_selected,
raw/page-0010.json#/notices/95,606362-2026,not_selected,
raw/page-0010.json#/notices/96,606234-2026,not_selected,
raw/page-0010.json#/notices/97,606188-2026,not_selected,
raw/page-0010.json#/notices/98,606183-2026,not_selected,
raw/page-0010.json#/notices/99,606160-2026,not_selected,
raw/page-0010.json#/notices/100,606144-2026,not_selected,
raw/page-0010.json#/notices/101,606116-2026,not_selected,
raw/page-0010.json#/notices/102,606109-2026,not_selected,
raw/page-0010.json#/notices/103,606081-2026,not_selected,
raw/page-0010.json#/notices/104,606080-2026,not_selected,
raw/page-0010.json#/notices/105,606049-2026,not_selected,
raw/page-0010.json#/notices/106,606039-2026,not_selected,
raw/page-0010.json#/notices/107,606003-2026,not_selected,
raw/page-0010.json#/notices/108,605974-2026,not_selected,
raw/page-0010.json#/notices/109,605922-2026,not_selected,
raw/page-0010.json#/notices/110,605921-2026,not_selected,
raw/page-0010.json#/notices/111,605912-2026,not_selected,
raw/page-0010.json#/notices/112,605891-2026,not_selected,
raw/page-0010.json#/notices/113,605853-2026,not_selected,
raw/page-0010.json#/notices/114,605832-2026,not_selected,
raw/page-0010.json#/notices/115,605812-2026,not_selected,
raw/page-0010.json#/notices/116,605670-2026,not_selected,
raw/page-0010.json#/notices/117,605566-2026,not_selected,
raw/page-0010.json#/notices/118,605563-2026,not_selected,
raw/page-0010.json#/notices/119,605486-2026,not_selected,
raw/page-0010.json#/notices/120,605436-2026,not_selected,
raw/page-0010.json#/notices/121,605434-2026,uncertain,INVALID_VALUE
raw/page-0010.json#/notices/122,605409-2026,not_selected,
raw/page-0010.json#/notices/123,605356-2026,not_selected,
raw/page-0010.json#/notices/124,605318-2026,not_selected,
raw/page-0010.json#/notices/125,605314-2026,not_selected,
raw/page-0010.json#/notices/126,605300-2026,not_selected,
raw/page-0010.json#/notices/127,605291-2026,not_selected,
raw/page-0010.json#/notices/128,605274-2026,not_selected,
raw/page-0010.json#/notices/129,605227-2026,not_selected,
raw/page-0010.json#/notices/130,605223-2026,not_selected,
raw/page-0010.json#/notices/131,605217-2026,not_selected,
raw/page-0010.json#/notices/132,605110-2026,not_selected,
raw/page-0010.json#/notices/133,604863-2026,not_selected,
raw/page-0010.json#/notices/134,604827-2026,not_selected,
raw/page-0010.json#/notices/135,604760-2026,not_selected,
raw/page-0010.json#/notices/136,604724-2026,not_selected,
raw/page-0010.json#/notices/137,604717-2026,not_selected,
raw/page-0010.json#/notices/138,604519-2026,not_selected,
raw/page-0010.json#/notices/139,604498-2026,not_selected,
raw/page-0010.json#/notices/140,604492-2026,not_selected,
raw/page-0010.json#/notices/141,604453-2026,not_selected,
raw/page-0010.json#/notices/142,604385-2026,not_selected,
raw/page-0010.json#/notices/143,604309-2026,not_selected,
raw/page-0010.json#/notices/144,604299-2026,not_selected,
raw/page-0010.json#/notices/145,604262-2026,not_selected,
raw/page-0010.json#/notices/146,604241-2026,not_selected,
raw/page-0010.json#/notices/147,604235-2026,not_selected,
raw/page-0010.json#/notices/148,604231-2026,not_selected,
raw/page-0010.json#/notices/149,604230-2026,not_selected,
raw/page-0010.json#/notices/150,604192-2026,not_selected,
raw/page-0010.json#/notices/151,604143-2026,not_selected,
raw/page-0010.json#/notices/152,604142-2026,not_selected,
raw/page-0010.json#/notices/153,603914-2026,not_selected,
raw/page-0010.json#/notices/154,603909-2026,not_selected,
raw/page-0010.json#/notices/155,603898-2026,not_selected,
raw/page-0010.json#/notices/156,603835-2026,not_selected,
raw/page-0010.json#/notices/157,603779-2026,not_selected,
raw/page-0010.json#/notices/158,603742-2026,not_selected,
raw/page-0010.json#/notices/159,603727-2026,not_selected,
raw/page-0010.json#/notices/160,603703-2026,not_selected,
raw/page-0010.json#/notices/161,603665-2026,not_selected,
raw/page-0010.json#/notices/162,603635-2026,not_selected,
raw/page-0010.json#/notices/163,603620-2026,not_selected,
raw/page-0010.json#/notices/164,603558-2026,not_selected,
raw/page-0010.json#/notices/165,603493-2026,not_selected,
raw/page-0010.json#/notices/166,603437-2026,not_selected,
raw/page-0010.json#/notices/167,603420-2026,not_selected,
raw/page-0010.json#/notices/168,603410-2026,not_selected,
raw/page-0010.json#/notices/169,603364-2026,uncertain,INVALID_VALUE
raw/page-0010.json#/notices/170,603211-2026,not_selected,
raw/page-0010.json#/notices/171,603096-2026,not_selected,
raw/page-0010.json#/notices/172,602982-2026,not_selected,
raw/page-0010.json#/notices/173,602978-2026,not_selected,
raw/page-0010.json#/notices/174,602761-2026,not_selected,
raw/page-0010.json#/notices/175,602754-2026,not_selected,
raw/page-0010.json#/notices/176,602708-2026,not_selected,
raw/page-0010.json#/notices/177,602643-2026,uncertain,INVALID_VALUE
raw/page-0010.json#/notices/178,602600-2026,uncertain,INVALID_VALUE
raw/page-0010.json#/notices/179,602579-2026,not_selected,
raw/page-0010.json#/notices/180,602532-2026,not_selected,
raw/page-0010.json#/notices/181,602497-2026,not_selected,
raw/page-0010.json#/notices/182,602278-2026,not_selected,
raw/page-0010.json#/notices/183,602252-2026,not_selected,
raw/page-0010.json#/notices/184,602231-2026,not_selected,
raw/page-0010.json#/notices/185,602100-2026,not_selected,
raw/page-0010.json#/notices/186,602091-2026,not_selected,
raw/page-0010.json#/notices/187,602075-2026,not_selected,
raw/page-0010.json#/notices/188,602015-2026,not_selected,
raw/page-0010.json#/notices/189,601988-2026,not_selected,
raw/page-0010.json#/notices/190,601979-2026,not_selected,
raw/page-0010.json#/notices/191,601962-2026,not_selected,
raw/page-0010.json#/notices/192,601903-2026,not_selected,
raw/page-0010.json#/notices/193,601869-2026,not_selected,
raw/page-0010.json#/notices/194,601844-2026,not_selected,
raw/page-0010.json#/notices/195,601783-2026,not_selected,
raw/page-0010.json#/notices/196,601730-2026,not_selected,
raw/page-0010.json#/notices/197,601723-2026,not_selected,
raw/page-0010.json#/notices/198,601683-2026,not_selected,
raw/page-0010.json#/notices/199,601656-2026,not_selected,
raw/page-0010.json#/notices/200,601575-2026,not_selected,
raw/page-0010.json#/notices/201,601514-2026,not_selected,
raw/page-0010.json#/notices/202,601468-2026,not_selected,
raw/page-0010.json#/notices/203,601379-2026,not_selected,
raw/page-0010.json#/notices/204,601311-2026,not_selected,
raw/page-0010.json#/notices/205,601279-2026,not_selected,
raw/page-0010.json#/notices/206,601246-2026,not_selected,
raw/page-0010.json#/notices/207,601245-2026,not_selected,
raw/page-0010.json#/notices/208,601226-2026,not_selected,
raw/page-0010.json#/notices/209,601201-2026,uncertain,INVALID_VALUE
raw/page-0010.json#/notices/210,601156-2026,not_selected,
raw/page-0010.json#/notices/211,601147-2026,not_selected,
raw/page-0010.json#/notices/212,601103-2026,not_selected,
raw/page-0010.json#/notices/213,600938-2026,not_selected,
raw/page-0010.json#/notices/214,600856-2026,not_selected,
raw/page-0010.json#/notices/215,600837-2026,not_selected,
raw/page-0010.json#/notices/216,600833-2026,not_selected,
raw/page-0010.json#/notices/217,600726-2026,not_selected,
raw/page-0010.json#/notices/218,600724-2026,not_selected,
raw/page-0010.json#/notices/219,600677-2026,not_selected,
raw/page-0010.json#/notices/220,600653-2026,not_selected,
raw/page-0010.json#/notices/221,600609-2026,not_selected,
raw/page-0010.json#/notices/222,600474-2026,not_selected,
raw/page-0010.json#/notices/223,600367-2026,not_selected,
raw/page-0010.json#/notices/224,600338-2026,not_selected,
raw/page-0010.json#/notices/225,600277-2026,not_selected,
raw/page-0010.json#/notices/226,600262-2026,not_selected,
raw/page-0010.json#/notices/227,600246-2026,not_selected,
raw/page-0010.json#/notices/228,600202-2026,not_selected,
raw/page-0010.json#/notices/229,600165-2026,not_selected,
raw/page-0010.json#/notices/230,600044-2026,not_selected,
raw/page-0010.json#/notices/231,599995-2026,not_selected,
raw/page-0010.json#/notices/232,599683-2026,not_selected,
raw/page-0010.json#/notices/233,599646-2026,not_selected,
raw/page-0010.json#/notices/234,599631-2026,not_selected,
raw/page-0010.json#/notices/235,599624-2026,not_selected,
raw/page-0010.json#/notices/236,599610-2026,not_selected,
raw/page-0010.json#/notices/237,599464-2026,not_selected,
raw/page-0010.json#/notices/238,599461-2026,not_selected,
raw/page-0010.json#/notices/239,599422-2026,not_selected,
raw/page-0010.json#/notices/240,599409-2026,not_selected,
raw/page-0010.json#/notices/241,599351-2026,not_selected,
raw/page-0010.json#/notices/242,599342-2026,not_selected,
raw/page-0010.json#/notices/243,599317-2026,not_selected,
raw/page-0010.json#/notices/244,599315-2026,not_selected,
raw/page-0010.json#/notices/245,599294-2026,not_selected,
raw/page-0010.json#/notices/246,599182-2026,uncertain,INVALID_VALUE
raw/page-0010.json#/notices/247,599149-2026,uncertain,INVALID_VALUE
raw/page-0010.json#/notices/248,599141-2026,not_selected,
raw/page-0010.json#/notices/249,599139-2026,not_selected,
raw/page-0011.json#/notices/0,599084-2026,not_selected,
raw/page-0011.json#/notices/1,599051-2026,not_selected,
raw/page-0011.json#/notices/2,599034-2026,not_selected,
raw/page-0011.json#/notices/3,598962-2026,not_selected,
raw/page-0011.json#/notices/4,598944-2026,not_selected,
raw/page-0011.json#/notices/5,598887-2026,not_selected,
raw/page-0011.json#/notices/6,598847-2026,not_selected,
raw/page-0011.json#/notices/7,598774-2026,not_selected,
raw/page-0011.json#/notices/8,598598-2026,not_selected,
raw/page-0011.json#/notices/9,598592-2026,not_selected,
raw/page-0011.json#/notices/10,598561-2026,not_selected,
raw/page-0011.json#/notices/11,598535-2026,not_selected,
raw/page-0011.json#/notices/12,598524-2026,not_selected,
raw/page-0011.json#/notices/13,598459-2026,not_selected,
raw/page-0011.json#/notices/14,598257-2026,not_selected,
raw/page-0011.json#/notices/15,598175-2026,not_selected,
raw/page-0011.json#/notices/16,598127-2026,not_selected,
raw/page-0011.json#/notices/17,597969-2026,not_selected,
raw/page-0011.json#/notices/18,597814-2026,not_selected,
raw/page-0011.json#/notices/19,597804-2026,not_selected,
raw/page-0011.json#/notices/20,597797-2026,not_selected,
raw/page-0011.json#/notices/21,597715-2026,not_selected,
raw/page-0011.json#/notices/22,597678-2026,not_selected,
raw/page-0011.json#/notices/23,597659-2026,not_selected,
raw/page-0011.json#/notices/24,597651-2026,not_selected,
raw/page-0011.json#/notices/25,597623-2026,not_selected,
raw/page-0011.json#/notices/26,597595-2026,not_selected,
raw/page-0011.json#/notices/27,597570-2026,not_selected,
raw/page-0011.json#/notices/28,597548-2026,not_selected,
raw/page-0011.json#/notices/29,597439-2026,not_selected,
raw/page-0011.json#/notices/30,597390-2026,not_selected,
raw/page-0011.json#/notices/31,597299-2026,uncertain,INVALID_VALUE
raw/page-0011.json#/notices/32,597257-2026,not_selected,
raw/page-0011.json#/notices/33,597200-2026,not_selected,
raw/page-0011.json#/notices/34,597168-2026,not_selected,
raw/page-0011.json#/notices/35,597131-2026,not_selected,
raw/page-0011.json#/notices/36,597077-2026,not_selected,
raw/page-0011.json#/notices/37,597049-2026,not_selected,
raw/page-0011.json#/notices/38,597010-2026,not_selected,
raw/page-0011.json#/notices/39,596838-2026,not_selected,
raw/page-0011.json#/notices/40,596836-2026,not_selected,
raw/page-0011.json#/notices/41,596782-2026,not_selected,
raw/page-0011.json#/notices/42,596718-2026,not_selected,
raw/page-0011.json#/notices/43,596684-2026,not_selected,
raw/page-0011.json#/notices/44,596658-2026,not_selected,
raw/page-0011.json#/notices/45,596608-2026,not_selected,
raw/page-0011.json#/notices/46,596562-2026,not_selected,
raw/page-0011.json#/notices/47,596488-2026,not_selected,
raw/page-0011.json#/notices/48,596465-2026,not_selected,
raw/page-0011.json#/notices/49,596462-2026,not_selected,
raw/page-0011.json#/notices/50,596460-2026,not_selected,
raw/page-0011.json#/notices/51,596389-2026,not_selected,
raw/page-0011.json#/notices/52,596310-2026,not_selected,
raw/page-0011.json#/notices/53,596283-2026,not_selected,
raw/page-0011.json#/notices/54,596265-2026,not_selected,
raw/page-0011.json#/notices/55,596254-2026,not_selected,
raw/page-0011.json#/notices/56,596199-2026,not_selected,
raw/page-0011.json#/notices/57,596080-2026,not_selected,
raw/page-0011.json#/notices/58,595945-2026,not_selected,
raw/page-0011.json#/notices/59,595941-2026,not_selected,
raw/page-0011.json#/notices/60,595917-2026,not_selected,
raw/page-0011.json#/notices/61,595891-2026,not_selected,
raw/page-0011.json#/notices/62,595856-2026,not_selected,
raw/page-0011.json#/notices/63,595810-2026,not_selected,
raw/page-0011.json#/notices/64,595790-2026,not_selected,
raw/page-0011.json#/notices/65,595745-2026,not_selected,
raw/page-0011.json#/notices/66,595713-2026,not_selected,
raw/page-0011.json#/notices/67,595550-2026,not_selected,
raw/page-0011.json#/notices/68,595471-2026,not_selected,
raw/page-0011.json#/notices/69,595369-2026,not_selected,
raw/page-0011.json#/notices/70,595367-2026,not_selected,
raw/page-0011.json#/notices/71,595349-2026,not_selected,
raw/page-0011.json#/notices/72,595345-2026,not_selected,
raw/page-0011.json#/notices/73,595300-2026,not_selected,
raw/page-0011.json#/notices/74,595269-2026,not_selected,
raw/page-0011.json#/notices/75,595233-2026,not_selected,
raw/page-0011.json#/notices/76,595149-2026,not_selected,
raw/page-0011.json#/notices/77,594961-2026,not_selected,
raw/page-0011.json#/notices/78,594943-2026,not_selected,
raw/page-0011.json#/notices/79,594893-2026,not_selected,
raw/page-0011.json#/notices/80,594817-2026,not_selected,
raw/page-0011.json#/notices/81,594768-2026,not_selected,
raw/page-0011.json#/notices/82,594665-2026,not_selected,
raw/page-0011.json#/notices/83,594651-2026,not_selected,
raw/page-0011.json#/notices/84,594605-2026,not_selected,
raw/page-0011.json#/notices/85,594574-2026,not_selected,
raw/page-0011.json#/notices/86,594378-2026,uncertain,INVALID_VALUE
raw/page-0011.json#/notices/87,594372-2026,not_selected,
raw/page-0011.json#/notices/88,594350-2026,not_selected,
raw/page-0011.json#/notices/89,594329-2026,not_selected,
raw/page-0011.json#/notices/90,594327-2026,not_selected,
raw/page-0011.json#/notices/91,594316-2026,not_selected,
raw/page-0011.json#/notices/92,594252-2026,not_selected,
raw/page-0011.json#/notices/93,594240-2026,not_selected,
raw/page-0011.json#/notices/94,594235-2026,not_selected,
raw/page-0011.json#/notices/95,594212-2026,not_selected,
raw/page-0011.json#/notices/96,594207-2026,not_selected,
raw/page-0011.json#/notices/97,594142-2026,not_selected,
raw/page-0011.json#/notices/98,594090-2026,not_selected,
raw/page-0011.json#/notices/99,593981-2026,not_selected,
raw/page-0011.json#/notices/100,593952-2026,not_selected,
raw/page-0011.json#/notices/101,593925-2026,not_selected,
raw/page-0011.json#/notices/102,593791-2026,not_selected,
raw/page-0011.json#/notices/103,593785-2026,not_selected,
raw/page-0011.json#/notices/104,593768-2026,not_selected,
raw/page-0011.json#/notices/105,593638-2026,uncertain,INVALID_VALUE
raw/page-0011.json#/notices/106,593597-2026,not_selected,
raw/page-0011.json#/notices/107,593511-2026,not_selected,
raw/page-0011.json#/notices/108,593491-2026,not_selected,
raw/page-0011.json#/notices/109,593437-2026,not_selected,
raw/page-0011.json#/notices/110,593386-2026,not_selected,
raw/page-0011.json#/notices/111,593357-2026,not_selected,
raw/page-0011.json#/notices/112,593335-2026,not_selected,
raw/page-0011.json#/notices/113,593327-2026,not_selected,
raw/page-0011.json#/notices/114,593281-2026,not_selected,
raw/page-0011.json#/notices/115,593272-2026,not_selected,
raw/page-0011.json#/notices/116,593264-2026,not_selected,
raw/page-0011.json#/notices/117,593260-2026,not_selected,
raw/page-0011.json#/notices/118,593191-2026,not_selected,
raw/page-0011.json#/notices/119,593187-2026,not_selected,
raw/page-0011.json#/notices/120,593181-2026,not_selected,
raw/page-0011.json#/notices/121,593161-2026,not_selected,
raw/page-0011.json#/notices/122,593160-2026,not_selected,
raw/page-0011.json#/notices/123,593141-2026,not_selected,
raw/page-0011.json#/notices/124,593075-2026,not_selected,
raw/page-0011.json#/notices/125,593060-2026,not_selected,
raw/page-0011.json#/notices/126,593022-2026,not_selected,
raw/page-0011.json#/notices/127,592915-2026,not_selected,
raw/page-0011.json#/notices/128,592760-2026,not_selected,
raw/page-0011.json#/notices/129,592758-2026,not_selected,
raw/page-0011.json#/notices/130,592661-2026,not_selected,
raw/page-0011.json#/notices/131,592627-2026,not_selected,
raw/page-0011.json#/notices/132,592616-2026,not_selected,
raw/page-0011.json#/notices/133,592609-2026,not_selected,
raw/page-0011.json#/notices/134,592566-2026,not_selected,
raw/page-0011.json#/notices/135,592289-2026,not_selected,
raw/page-0011.json#/notices/136,592273-2026,not_selected,
raw/page-0011.json#/notices/137,592254-2026,not_selected,
raw/page-0011.json#/notices/138,592247-2026,not_selected,
raw/page-0011.json#/notices/139,592171-2026,not_selected,
raw/page-0011.json#/notices/140,592134-2026,not_selected,
raw/page-0011.json#/notices/141,592090-2026,not_selected,
raw/page-0011.json#/notices/142,592056-2026,not_selected,
raw/page-0011.json#/notices/143,592027-2026,not_selected,
raw/page-0011.json#/notices/144,591971-2026,not_selected,
raw/page-0011.json#/notices/145,591962-2026,not_selected,
raw/page-0011.json#/notices/146,591932-2026,not_selected,
raw/page-0011.json#/notices/147,591841-2026,not_selected,
raw/page-0011.json#/notices/148,591794-2026,not_selected,
raw/page-0011.json#/notices/149,591764-2026,not_selected,
raw/page-0011.json#/notices/150,591757-2026,not_selected,
raw/page-0011.json#/notices/151,591603-2026,not_selected,
raw/page-0011.json#/notices/152,591588-2026,not_selected,
raw/page-0011.json#/notices/153,591570-2026,not_selected,
raw/page-0011.json#/notices/154,591491-2026,not_selected,
raw/page-0011.json#/notices/155,591415-2026,not_selected,
raw/page-0011.json#/notices/156,591397-2026,not_selected,
raw/page-0011.json#/notices/157,591365-2026,not_selected,
raw/page-0011.json#/notices/158,591358-2026,not_selected,
raw/page-0011.json#/notices/159,591282-2026,not_selected,
raw/page-0011.json#/notices/160,591235-2026,not_selected,
raw/page-0011.json#/notices/161,591191-2026,not_selected,
raw/page-0011.json#/notices/162,591174-2026,not_selected,
raw/page-0011.json#/notices/163,591149-2026,not_selected,
raw/page-0011.json#/notices/164,591117-2026,not_selected,
raw/page-0011.json#/notices/165,591101-2026,not_selected,
raw/page-0011.json#/notices/166,591065-2026,not_selected,
raw/page-0011.json#/notices/167,591060-2026,not_selected,
raw/page-0011.json#/notices/168,591057-2026,not_selected,
raw/page-0011.json#/notices/169,591053-2026,not_selected,
raw/page-0011.json#/notices/170,591036-2026,not_selected,
raw/page-0011.json#/notices/171,591034-2026,not_selected,
raw/page-0011.json#/notices/172,590927-2026,not_selected,
raw/page-0011.json#/notices/173,590924-2026,not_selected,
raw/page-0011.json#/notices/174,590890-2026,not_selected,
raw/page-0011.json#/notices/175,590880-2026,not_selected,
raw/page-0011.json#/notices/176,590875-2026,not_selected,
raw/page-0011.json#/notices/177,590839-2026,not_selected,
raw/page-0011.json#/notices/178,590755-2026,not_selected,
raw/page-0011.json#/notices/179,590751-2026,not_selected,
raw/page-0011.json#/notices/180,590742-2026,not_selected,
raw/page-0011.json#/notices/181,590734-2026,not_selected,
raw/page-0011.json#/notices/182,590692-2026,not_selected,
raw/page-0011.json#/notices/183,590646-2026,not_selected,
raw/page-0011.json#/notices/184,590586-2026,not_selected,
raw/page-0011.json#/notices/185,590530-2026,not_selected,
raw/page-0011.json#/notices/186,590482-2026,not_selected,
raw/page-0011.json#/notices/187,590421-2026,not_selected,
raw/page-0011.json#/notices/188,590359-2026,not_selected,
raw/page-0011.json#/notices/189,590358-2026,not_selected,
raw/page-0011.json#/notices/190,590280-2026,not_selected,
raw/page-0011.json#/notices/191,590229-2026,not_selected,
raw/page-0011.json#/notices/192,590180-2026,not_selected,
raw/page-0011.json#/notices/193,590163-2026,not_selected,
raw/page-0011.json#/notices/194,590147-2026,not_selected,
raw/page-0011.json#/notices/195,590142-2026,not_selected,
raw/page-0011.json#/notices/196,590139-2026,not_selected,
raw/page-0011.json#/notices/197,590016-2026,not_selected,
raw/page-0011.json#/notices/198,589996-2026,not_selected,
raw/page-0011.json#/notices/199,589974-2026,not_selected,
raw/page-0011.json#/notices/200,589881-2026,not_selected,
raw/page-0011.json#/notices/201,589877-2026,not_selected,
raw/page-0011.json#/notices/202,589815-2026,not_selected,
raw/page-0011.json#/notices/203,589793-2026,uncertain,INVALID_VALUE
raw/page-0011.json#/notices/204,589747-2026,not_selected,
raw/page-0011.json#/notices/205,589746-2026,not_selected,
raw/page-0011.json#/notices/206,589681-2026,not_selected,
raw/page-0011.json#/notices/207,589672-2026,not_selected,
raw/page-0011.json#/notices/208,589669-2026,not_selected,
raw/page-0011.json#/notices/209,589636-2026,not_selected,
raw/page-0011.json#/notices/210,589575-2026,not_selected,
raw/page-0011.json#/notices/211,589558-2026,not_selected,
raw/page-0011.json#/notices/212,589493-2026,not_selected,
raw/page-0011.json#/notices/213,589456-2026,not_selected,
raw/page-0011.json#/notices/214,589454-2026,not_selected,
raw/page-0011.json#/notices/215,589344-2026,not_selected,
raw/page-0011.json#/notices/216,589317-2026,not_selected,
raw/page-0011.json#/notices/217,589263-2026,not_selected,
raw/page-0011.json#/notices/218,589193-2026,not_selected,
raw/page-0011.json#/notices/219,589176-2026,not_selected,
raw/page-0011.json#/notices/220,589147-2026,not_selected,
raw/page-0011.json#/notices/221,589127-2026,not_selected,
raw/page-0011.json#/notices/222,589061-2026,not_selected,
raw/page-0011.json#/notices/223,589036-2026,not_selected,
raw/page-0011.json#/notices/224,589030-2026,not_selected,
raw/page-0011.json#/notices/225,589025-2026,not_selected,
raw/page-0011.json#/notices/226,589018-2026,not_selected,
raw/page-0011.json#/notices/227,588999-2026,not_selected,
raw/page-0011.json#/notices/228,588974-2026,not_selected,
raw/page-0011.json#/notices/229,588915-2026,not_selected,
raw/page-0011.json#/notices/230,588896-2026,not_selected,
raw/page-0011.json#/notices/231,588894-2026,not_selected,
raw/page-0011.json#/notices/232,588804-2026,not_selected,
raw/page-0011.json#/notices/233,588732-2026,not_selected,
raw/page-0011.json#/notices/234,588706-2026,not_selected,
raw/page-0011.json#/notices/235,588690-2026,not_selected,
raw/page-0011.json#/notices/236,588648-2026,not_selected,
raw/page-0011.json#/notices/237,588638-2026,not_selected,
raw/page-0011.json#/notices/238,588626-2026,not_selected,
raw/page-0011.json#/notices/239,588540-2026,not_selected,
raw/page-0011.json#/notices/240,588502-2026,not_selected,
raw/page-0011.json#/notices/241,588479-2026,not_selected,
raw/page-0011.json#/notices/242,588433-2026,not_selected,
raw/page-0011.json#/notices/243,588379-2026,not_selected,
raw/page-0011.json#/notices/244,588354-2026,not_selected,
raw/page-0011.json#/notices/245,588314-2026,not_selected,
raw/page-0011.json#/notices/246,588267-2026,not_selected,
raw/page-0011.json#/notices/247,588260-2026,not_selected,
raw/page-0011.json#/notices/248,588251-2026,not_selected,
raw/page-0011.json#/notices/249,588229-2026,not_selected,
raw/page-0012.json#/notices/0,588225-2026,not_selected,
raw/page-0012.json#/notices/1,588047-2026,not_selected,
raw/page-0012.json#/notices/2,588036-2026,not_selected,
raw/page-0012.json#/notices/3,588029-2026,not_selected,
raw/page-0012.json#/notices/4,588002-2026,not_selected,
raw/page-0012.json#/notices/5,587909-2026,not_selected,
raw/page-0012.json#/notices/6,587842-2026,not_selected,
raw/page-0012.json#/notices/7,587779-2026,not_selected,
raw/page-0012.json#/notices/8,587711-2026,not_selected,
raw/page-0012.json#/notices/9,587709-2026,not_selected,
raw/page-0012.json#/notices/10,587708-2026,not_selected,
raw/page-0012.json#/notices/11,587699-2026,not_selected,
raw/page-0012.json#/notices/12,587695-2026,not_selected,
raw/page-0012.json#/notices/13,587558-2026,not_selected,
raw/page-0012.json#/notices/14,587514-2026,not_selected,
raw/page-0012.json#/notices/15,587500-2026,not_selected,
raw/page-0012.json#/notices/16,587486-2026,not_selected,
raw/page-0012.json#/notices/17,587451-2026,not_selected,
raw/page-0012.json#/notices/18,587446-2026,not_selected,
raw/page-0012.json#/notices/19,587415-2026,not_selected,
raw/page-0012.json#/notices/20,587403-2026,not_selected,
raw/page-0012.json#/notices/21,587381-2026,not_selected,
raw/page-0012.json#/notices/22,587310-2026,not_selected,
raw/page-0012.json#/notices/23,587292-2026,not_selected,
raw/page-0012.json#/notices/24,587279-2026,not_selected,
raw/page-0012.json#/notices/25,587229-2026,not_selected,
raw/page-0012.json#/notices/26,587210-2026,not_selected,
raw/page-0012.json#/notices/27,587188-2026,not_selected,
raw/page-0012.json#/notices/28,587176-2026,not_selected,
raw/page-0012.json#/notices/29,587123-2026,not_selected,
raw/page-0012.json#/notices/30,587069-2026,not_selected,
raw/page-0012.json#/notices/31,587004-2026,not_selected,
raw/page-0012.json#/notices/32,586968-2026,not_selected,
raw/page-0012.json#/notices/33,586946-2026,not_selected,
raw/page-0012.json#/notices/34,586938-2026,not_selected,
raw/page-0012.json#/notices/35,586908-2026,not_selected,
raw/page-0012.json#/notices/36,586836-2026,not_selected,
raw/page-0012.json#/notices/37,586811-2026,not_selected,
raw/page-0012.json#/notices/38,586777-2026,not_selected,
raw/page-0012.json#/notices/39,586753-2026,not_selected,
raw/page-0012.json#/notices/40,586738-2026,not_selected,
raw/page-0012.json#/notices/41,586728-2026,not_selected,
raw/page-0012.json#/notices/42,586645-2026,not_selected,
raw/page-0012.json#/notices/43,586513-2026,not_selected,
raw/page-0012.json#/notices/44,586467-2026,not_selected,
raw/page-0012.json#/notices/45,586454-2026,not_selected,
raw/page-0012.json#/notices/46,586449-2026,not_selected,
raw/page-0012.json#/notices/47,586420-2026,not_selected,
raw/page-0012.json#/notices/48,586352-2026,not_selected,
raw/page-0012.json#/notices/49,586326-2026,not_selected,
raw/page-0012.json#/notices/50,586320-2026,not_selected,
raw/page-0012.json#/notices/51,586275-2026,not_selected,
raw/page-0012.json#/notices/52,586224-2026,not_selected,
raw/page-0012.json#/notices/53,586211-2026,not_selected,
raw/page-0012.json#/notices/54,586170-2026,not_selected,
raw/page-0012.json#/notices/55,586133-2026,not_selected,
raw/page-0012.json#/notices/56,586123-2026,not_selected,
raw/page-0012.json#/notices/57,586028-2026,not_selected,
raw/page-0012.json#/notices/58,586021-2026,not_selected,
raw/page-0012.json#/notices/59,585999-2026,not_selected,
raw/page-0012.json#/notices/60,585976-2026,not_selected,
raw/page-0012.json#/notices/61,585965-2026,not_selected,
raw/page-0012.json#/notices/62,585918-2026,not_selected,
raw/page-0012.json#/notices/63,585909-2026,not_selected,
raw/page-0012.json#/notices/64,585883-2026,not_selected,
raw/page-0012.json#/notices/65,585651-2026,not_selected,
raw/page-0012.json#/notices/66,585580-2026,not_selected,
raw/page-0012.json#/notices/67,585521-2026,not_selected,
raw/page-0012.json#/notices/68,585427-2026,not_selected,
raw/page-0012.json#/notices/69,585412-2026,uncertain,INVALID_VALUE
raw/page-0012.json#/notices/70,585405-2026,not_selected,
raw/page-0012.json#/notices/71,585404-2026,not_selected,
raw/page-0012.json#/notices/72,585399-2026,not_selected,
raw/page-0012.json#/notices/73,585365-2026,uncertain,INVALID_VALUE
raw/page-0012.json#/notices/74,585352-2026,not_selected,
raw/page-0012.json#/notices/75,585348-2026,not_selected,
raw/page-0012.json#/notices/76,585285-2026,not_selected,
raw/page-0012.json#/notices/77,585275-2026,not_selected,
raw/page-0012.json#/notices/78,585267-2026,not_selected,
raw/page-0012.json#/notices/79,585222-2026,not_selected,
raw/page-0012.json#/notices/80,585138-2026,not_selected,
raw/page-0012.json#/notices/81,585107-2026,not_selected,
raw/page-0012.json#/notices/82,585051-2026,not_selected,
raw/page-0012.json#/notices/83,584877-2026,not_selected,
raw/page-0012.json#/notices/84,584775-2026,not_selected,
raw/page-0012.json#/notices/85,584755-2026,not_selected,
raw/page-0012.json#/notices/86,584751-2026,not_selected,
raw/page-0012.json#/notices/87,584741-2026,not_selected,
raw/page-0012.json#/notices/88,584517-2026,not_selected,
raw/page-0012.json#/notices/89,584161-2026,not_selected,
raw/page-0012.json#/notices/90,584160-2026,not_selected,
raw/page-0012.json#/notices/91,584114-2026,not_selected,
raw/page-0012.json#/notices/92,584074-2026,not_selected,
raw/page-0012.json#/notices/93,584061-2026,not_selected,
raw/page-0012.json#/notices/94,584009-2026,not_selected,
raw/page-0012.json#/notices/95,583928-2026,not_selected,
raw/page-0012.json#/notices/96,583860-2026,not_selected,
raw/page-0012.json#/notices/97,583583-2026,not_selected,
raw/page-0012.json#/notices/98,583567-2026,not_selected,
raw/page-0012.json#/notices/99,583474-2026,not_selected,
raw/page-0012.json#/notices/100,583394-2026,not_selected,
raw/page-0012.json#/notices/101,583323-2026,not_selected,
raw/page-0012.json#/notices/102,583298-2026,not_selected,
raw/page-0012.json#/notices/103,583292-2026,not_selected,
raw/page-0012.json#/notices/104,583172-2026,not_selected,
raw/page-0012.json#/notices/105,583106-2026,not_selected,
raw/page-0012.json#/notices/106,583100-2026,not_selected,
raw/page-0012.json#/notices/107,583096-2026,not_selected,
raw/page-0012.json#/notices/108,583075-2026,not_selected,
raw/page-0012.json#/notices/109,582964-2026,not_selected,
raw/page-0012.json#/notices/110,582940-2026,not_selected,
raw/page-0012.json#/notices/111,582843-2026,not_selected,
raw/page-0012.json#/notices/112,582829-2026,not_selected,
raw/page-0012.json#/notices/113,582801-2026,not_selected,
raw/page-0012.json#/notices/114,582717-2026,not_selected,
raw/page-0012.json#/notices/115,582713-2026,not_selected,
raw/page-0012.json#/notices/116,582668-2026,not_selected,
raw/page-0012.json#/notices/117,582660-2026,not_selected,
raw/page-0012.json#/notices/118,582587-2026,not_selected,
raw/page-0012.json#/notices/119,582584-2026,not_selected,
raw/page-0012.json#/notices/120,582424-2026,not_selected,
raw/page-0012.json#/notices/121,582385-2026,not_selected,
raw/page-0012.json#/notices/122,582290-2026,not_selected,
raw/page-0012.json#/notices/123,582286-2026,not_selected,
raw/page-0012.json#/notices/124,582283-2026,not_selected,
raw/page-0012.json#/notices/125,582259-2026,not_selected,
raw/page-0012.json#/notices/126,582257-2026,not_selected,
raw/page-0012.json#/notices/127,582248-2026,not_selected,
raw/page-0012.json#/notices/128,582243-2026,not_selected,
raw/page-0012.json#/notices/129,582161-2026,not_selected,
raw/page-0012.json#/notices/130,582150-2026,not_selected,
raw/page-0012.json#/notices/131,582140-2026,not_selected,
raw/page-0012.json#/notices/132,582085-2026,uncertain,INVALID_VALUE
raw/page-0012.json#/notices/133,582050-2026,not_selected,
raw/page-0012.json#/notices/134,581865-2026,not_selected,
raw/page-0012.json#/notices/135,581748-2026,uncertain,INVALID_VALUE
raw/page-0012.json#/notices/136,581687-2026,not_selected,
raw/page-0012.json#/notices/137,581670-2026,not_selected,
raw/page-0012.json#/notices/138,581655-2026,not_selected,
raw/page-0012.json#/notices/139,581610-2026,not_selected,
raw/page-0012.json#/notices/140,581582-2026,not_selected,
raw/page-0012.json#/notices/141,581466-2026,not_selected,
raw/page-0012.json#/notices/142,581433-2026,not_selected,
raw/page-0012.json#/notices/143,581408-2026,not_selected,
raw/page-0012.json#/notices/144,581397-2026,not_selected,
raw/page-0012.json#/notices/145,581392-2026,not_selected,
raw/page-0012.json#/notices/146,581347-2026,not_selected,
raw/page-0012.json#/notices/147,581279-2026,not_selected,
raw/page-0012.json#/notices/148,581265-2026,not_selected,
raw/page-0012.json#/notices/149,581198-2026,not_selected,
raw/page-0012.json#/notices/150,581196-2026,not_selected,
raw/page-0012.json#/notices/151,581180-2026,not_selected,
raw/page-0012.json#/notices/152,581157-2026,not_selected,
raw/page-0012.json#/notices/153,581100-2026,not_selected,
raw/page-0012.json#/notices/154,581049-2026,not_selected,
raw/page-0012.json#/notices/155,581024-2026,not_selected,
raw/page-0012.json#/notices/156,580955-2026,not_selected,
raw/page-0012.json#/notices/157,580928-2026,not_selected,
raw/page-0012.json#/notices/158,580901-2026,not_selected,
raw/page-0012.json#/notices/159,580876-2026,not_selected,
raw/page-0012.json#/notices/160,580864-2026,not_selected,
raw/page-0012.json#/notices/161,580842-2026,not_selected,
raw/page-0012.json#/notices/162,580840-2026,not_selected,
raw/page-0012.json#/notices/163,580632-2026,not_selected,
raw/page-0012.json#/notices/164,580626-2026,not_selected,
raw/page-0012.json#/notices/165,580601-2026,not_selected,
raw/page-0012.json#/notices/166,580570-2026,not_selected,
raw/page-0012.json#/notices/167,580563-2026,not_selected,
raw/page-0012.json#/notices/168,580527-2026,not_selected,
raw/page-0012.json#/notices/169,580460-2026,not_selected,
raw/page-0012.json#/notices/170,580442-2026,not_selected,
raw/page-0012.json#/notices/171,580393-2026,not_selected,
raw/page-0012.json#/notices/172,580349-2026,not_selected,
raw/page-0012.json#/notices/173,580311-2026,not_selected,
raw/page-0012.json#/notices/174,580257-2026,not_selected,
raw/page-0012.json#/notices/175,580079-2026,not_selected,
raw/page-0012.json#/notices/176,579913-2026,not_selected,
raw/page-0012.json#/notices/177,579905-2026,not_selected,
raw/page-0012.json#/notices/178,579901-2026,not_selected,
raw/page-0012.json#/notices/179,579896-2026,not_selected,
raw/page-0012.json#/notices/180,579868-2026,not_selected,
raw/page-0012.json#/notices/181,579860-2026,uncertain,INVALID_VALUE
raw/page-0012.json#/notices/182,579735-2026,not_selected,
raw/page-0012.json#/notices/183,579664-2026,not_selected,
raw/page-0012.json#/notices/184,579610-2026,not_selected,
raw/page-0012.json#/notices/185,579554-2026,not_selected,
raw/page-0012.json#/notices/186,579541-2026,not_selected,
raw/page-0012.json#/notices/187,579512-2026,not_selected,
raw/page-0012.json#/notices/188,579500-2026,not_selected,
raw/page-0012.json#/notices/189,579359-2026,not_selected,
raw/page-0012.json#/notices/190,579264-2026,not_selected,
raw/page-0012.json#/notices/191,579186-2026,not_selected,
raw/page-0012.json#/notices/192,579122-2026,not_selected,
raw/page-0012.json#/notices/193,579003-2026,not_selected,
raw/page-0012.json#/notices/194,579001-2026,not_selected,
raw/page-0012.json#/notices/195,578921-2026,not_selected,
raw/page-0012.json#/notices/196,578905-2026,not_selected,
raw/page-0012.json#/notices/197,578856-2026,not_selected,
raw/page-0012.json#/notices/198,578837-2026,not_selected,
raw/page-0012.json#/notices/199,578824-2026,not_selected,
raw/page-0012.json#/notices/200,578668-2026,not_selected,
raw/page-0012.json#/notices/201,578618-2026,not_selected,
raw/page-0012.json#/notices/202,578580-2026,not_selected,
raw/page-0012.json#/notices/203,578511-2026,not_selected,
raw/page-0012.json#/notices/204,578451-2026,not_selected,
raw/page-0012.json#/notices/205,578450-2026,not_selected,
raw/page-0012.json#/notices/206,578442-2026,not_selected,
raw/page-0012.json#/notices/207,578426-2026,not_selected,
raw/page-0012.json#/notices/208,578386-2026,not_selected,
raw/page-0012.json#/notices/209,578363-2026,not_selected,
raw/page-0012.json#/notices/210,578355-2026,not_selected,
raw/page-0012.json#/notices/211,578276-2026,not_selected,
raw/page-0012.json#/notices/212,578098-2026,not_selected,
raw/page-0012.json#/notices/213,578082-2026,not_selected,
raw/page-0012.json#/notices/214,578074-2026,not_selected,
raw/page-0012.json#/notices/215,578056-2026,not_selected,
raw/page-0012.json#/notices/216,578028-2026,not_selected,
raw/page-0012.json#/notices/217,578019-2026,not_selected,
raw/page-0012.json#/notices/218,577960-2026,not_selected,
raw/page-0012.json#/notices/219,577959-2026,not_selected,
raw/page-0012.json#/notices/220,577956-2026,not_selected,
raw/page-0012.json#/notices/221,577943-2026,not_selected,
raw/page-0012.json#/notices/222,577910-2026,not_selected,
raw/page-0012.json#/notices/223,577905-2026,not_selected,
raw/page-0012.json#/notices/224,577900-2026,not_selected,
raw/page-0012.json#/notices/225,577898-2026,not_selected,
raw/page-0012.json#/notices/226,577866-2026,not_selected,
raw/page-0012.json#/notices/227,577806-2026,not_selected,
raw/page-0012.json#/notices/228,577700-2026,not_selected,
raw/page-0012.json#/notices/229,577691-2026,not_selected,
raw/page-0012.json#/notices/230,577672-2026,not_selected,
raw/page-0012.json#/notices/231,577641-2026,not_selected,
raw/page-0012.json#/notices/232,577509-2026,not_selected,
raw/page-0012.json#/notices/233,577384-2026,not_selected,
raw/page-0012.json#/notices/234,577360-2026,not_selected,
raw/page-0012.json#/notices/235,577358-2026,not_selected,
raw/page-0012.json#/notices/236,577206-2026,not_selected,
raw/page-0012.json#/notices/237,577142-2026,not_selected,
raw/page-0012.json#/notices/238,577111-2026,not_selected,
raw/page-0012.json#/notices/239,577066-2026,not_selected,
raw/page-0012.json#/notices/240,576929-2026,not_selected,
raw/page-0012.json#/notices/241,576865-2026,not_selected,
raw/page-0012.json#/notices/242,576808-2026,not_selected,
raw/page-0012.json#/notices/243,576805-2026,not_selected,
raw/page-0012.json#/notices/244,576803-2026,not_selected,
raw/page-0012.json#/notices/245,576775-2026,not_selected,
raw/page-0012.json#/notices/246,576716-2026,not_selected,
raw/page-0012.json#/notices/247,576702-2026,not_selected,
raw/page-0012.json#/notices/248,576675-2026,not_selected,
raw/page-0012.json#/notices/249,576640-2026,not_selected,
raw/page-0013.json#/notices/0,576561-2026,not_selected,
raw/page-0013.json#/notices/1,576537-2026,not_selected,
raw/page-0013.json#/notices/2,576512-2026,not_selected,
raw/page-0013.json#/notices/3,576456-2026,not_selected,
raw/page-0013.json#/notices/4,576446-2026,not_selected,
raw/page-0013.json#/notices/5,576409-2026,not_selected,
raw/page-0013.json#/notices/6,576398-2026,not_selected,
raw/page-0013.json#/notices/7,576320-2026,not_selected,
raw/page-0013.json#/notices/8,576256-2026,not_selected,
raw/page-0013.json#/notices/9,576240-2026,not_selected,
raw/page-0013.json#/notices/10,576206-2026,not_selected,
raw/page-0013.json#/notices/11,576080-2026,not_selected,
raw/page-0013.json#/notices/12,576063-2026,not_selected,
raw/page-0013.json#/notices/13,576028-2026,not_selected,
raw/page-0013.json#/notices/14,576020-2026,not_selected,
raw/page-0013.json#/notices/15,575975-2026,not_selected,
raw/page-0013.json#/notices/16,575858-2026,not_selected,
raw/page-0013.json#/notices/17,575843-2026,not_selected,
raw/page-0013.json#/notices/18,575714-2026,not_selected,
raw/page-0013.json#/notices/19,575654-2026,not_selected,
raw/page-0013.json#/notices/20,575547-2026,not_selected,
raw/page-0013.json#/notices/21,575464-2026,not_selected,
raw/page-0013.json#/notices/22,575421-2026,not_selected,
raw/page-0013.json#/notices/23,575420-2026,not_selected,
raw/page-0013.json#/notices/24,575379-2026,not_selected,
raw/page-0013.json#/notices/25,575332-2026,not_selected,
raw/page-0013.json#/notices/26,575275-2026,not_selected,
raw/page-0013.json#/notices/27,575248-2026,not_selected,
raw/page-0013.json#/notices/28,575247-2026,not_selected,
raw/page-0013.json#/notices/29,575197-2026,not_selected,
raw/page-0013.json#/notices/30,575192-2026,not_selected,
raw/page-0013.json#/notices/31,575174-2026,not_selected,
raw/page-0013.json#/notices/32,575059-2026,not_selected,
raw/page-0013.json#/notices/33,574999-2026,not_selected,
raw/page-0013.json#/notices/34,574989-2026,not_selected,
raw/page-0013.json#/notices/35,574954-2026,not_selected,
raw/page-0013.json#/notices/36,574917-2026,not_selected,
raw/page-0013.json#/notices/37,574892-2026,not_selected,
raw/page-0013.json#/notices/38,574833-2026,not_selected,
raw/page-0013.json#/notices/39,574712-2026,not_selected,
raw/page-0013.json#/notices/40,574698-2026,not_selected,
raw/page-0013.json#/notices/41,574664-2026,not_selected,
raw/page-0013.json#/notices/42,574598-2026,not_selected,
raw/page-0013.json#/notices/43,574527-2026,uncertain,INVALID_VALUE
raw/page-0013.json#/notices/44,574526-2026,not_selected,
raw/page-0013.json#/notices/45,574505-2026,not_selected,
raw/page-0013.json#/notices/46,574380-2026,uncertain,INVALID_VALUE
raw/page-0013.json#/notices/47,574374-2026,not_selected,
raw/page-0013.json#/notices/48,574291-2026,not_selected,
raw/page-0013.json#/notices/49,574174-2026,not_selected,
raw/page-0013.json#/notices/50,574164-2026,not_selected,
raw/page-0013.json#/notices/51,574132-2026,not_selected,
raw/page-0013.json#/notices/52,574093-2026,not_selected,
raw/page-0013.json#/notices/53,573935-2026,not_selected,
raw/page-0013.json#/notices/54,573840-2026,not_selected,
raw/page-0013.json#/notices/55,573769-2026,not_selected,
raw/page-0013.json#/notices/56,573760-2026,not_selected,
raw/page-0013.json#/notices/57,573757-2026,not_selected,
raw/page-0013.json#/notices/58,573593-2026,not_selected,
raw/page-0013.json#/notices/59,573577-2026,not_selected,
raw/page-0013.json#/notices/60,573563-2026,not_selected,
raw/page-0013.json#/notices/61,573520-2026,not_selected,
raw/page-0013.json#/notices/62,573471-2026,not_selected,
raw/page-0013.json#/notices/63,573450-2026,not_selected,
raw/page-0013.json#/notices/64,573397-2026,not_selected,
raw/page-0013.json#/notices/65,573379-2026,not_selected,
raw/page-0013.json#/notices/66,573361-2026,not_selected,
raw/page-0013.json#/notices/67,573327-2026,not_selected,
raw/page-0013.json#/notices/68,573325-2026,not_selected,
raw/page-0013.json#/notices/69,573277-2026,not_selected,
raw/page-0013.json#/notices/70,573264-2026,not_selected,
raw/page-0013.json#/notices/71,573259-2026,not_selected,
raw/page-0013.json#/notices/72,573173-2026,not_selected,
raw/page-0013.json#/notices/73,573147-2026,not_selected,
raw/page-0013.json#/notices/74,573136-2026,not_selected,
raw/page-0013.json#/notices/75,573120-2026,not_selected,
raw/page-0013.json#/notices/76,573097-2026,not_selected,
raw/page-0013.json#/notices/77,573023-2026,not_selected,
raw/page-0013.json#/notices/78,572910-2026,not_selected,
raw/page-0013.json#/notices/79,572786-2026,not_selected,
raw/page-0013.json#/notices/80,572741-2026,not_selected,
raw/page-0013.json#/notices/81,572721-2026,not_selected,
raw/page-0013.json#/notices/82,572696-2026,not_selected,
raw/page-0013.json#/notices/83,572664-2026,not_selected,
raw/page-0013.json#/notices/84,572644-2026,not_selected,
raw/page-0013.json#/notices/85,572632-2026,not_selected,
raw/page-0013.json#/notices/86,572629-2026,not_selected,
raw/page-0013.json#/notices/87,572568-2026,not_selected,
raw/page-0013.json#/notices/88,572536-2026,not_selected,
raw/page-0013.json#/notices/89,572521-2026,not_selected,
raw/page-0013.json#/notices/90,572511-2026,not_selected,
raw/page-0013.json#/notices/91,572507-2026,not_selected,
raw/page-0013.json#/notices/92,572344-2026,uncertain,INVALID_VALUE
raw/page-0013.json#/notices/93,572342-2026,not_selected,
raw/page-0013.json#/notices/94,572280-2026,not_selected,
raw/page-0013.json#/notices/95,572249-2026,not_selected,
raw/page-0013.json#/notices/96,572176-2026,not_selected,
raw/page-0013.json#/notices/97,572169-2026,not_selected,
raw/page-0013.json#/notices/98,572166-2026,not_selected,
raw/page-0013.json#/notices/99,572152-2026,not_selected,
raw/page-0013.json#/notices/100,571982-2026,not_selected,
raw/page-0013.json#/notices/101,571964-2026,not_selected,
raw/page-0013.json#/notices/102,571832-2026,not_selected,
raw/page-0013.json#/notices/103,571829-2026,not_selected,
raw/page-0013.json#/notices/104,571824-2026,uncertain,INVALID_VALUE
raw/page-0013.json#/notices/105,571807-2026,not_selected,
raw/page-0013.json#/notices/106,571631-2026,not_selected,
raw/page-0013.json#/notices/107,571625-2026,not_selected,
raw/page-0013.json#/notices/108,571418-2026,not_selected,
raw/page-0013.json#/notices/109,571338-2026,not_selected,
raw/page-0013.json#/notices/110,571323-2026,not_selected,
raw/page-0013.json#/notices/111,571263-2026,not_selected,
raw/page-0013.json#/notices/112,571229-2026,not_selected,
raw/page-0013.json#/notices/113,571139-2026,not_selected,
raw/page-0013.json#/notices/114,571090-2026,not_selected,
raw/page-0013.json#/notices/115,570939-2026,not_selected,
raw/page-0013.json#/notices/116,570908-2026,not_selected,
raw/page-0013.json#/notices/117,570846-2026,not_selected,
raw/page-0013.json#/notices/118,570839-2026,not_selected,
raw/page-0013.json#/notices/119,570725-2026,not_selected,
raw/page-0013.json#/notices/120,570685-2026,not_selected,
raw/page-0013.json#/notices/121,570642-2026,not_selected,
raw/page-0013.json#/notices/122,570585-2026,not_selected,
raw/page-0013.json#/notices/123,570505-2026,not_selected,
raw/page-0013.json#/notices/124,570451-2026,not_selected,
raw/page-0013.json#/notices/125,570442-2026,not_selected,
raw/page-0013.json#/notices/126,570389-2026,not_selected,
raw/page-0013.json#/notices/127,570352-2026,not_selected,
raw/page-0013.json#/notices/128,570335-2026,not_selected,
raw/page-0013.json#/notices/129,570330-2026,not_selected,
raw/page-0013.json#/notices/130,570200-2026,not_selected,
raw/page-0013.json#/notices/131,570126-2026,not_selected,
raw/page-0013.json#/notices/132,570099-2026,not_selected,
raw/page-0013.json#/notices/133,570060-2026,not_selected,
raw/page-0013.json#/notices/134,570031-2026,uncertain,INVALID_VALUE
raw/page-0013.json#/notices/135,570026-2026,not_selected,
raw/page-0013.json#/notices/136,569928-2026,not_selected,
raw/page-0013.json#/notices/137,569824-2026,uncertain,INVALID_VALUE
raw/page-0013.json#/notices/138,569756-2026,not_selected,
raw/page-0013.json#/notices/139,569689-2026,not_selected,
raw/page-0013.json#/notices/140,569658-2026,not_selected,
raw/page-0013.json#/notices/141,569638-2026,not_selected,
raw/page-0013.json#/notices/142,569636-2026,not_selected,
raw/page-0013.json#/notices/143,569626-2026,not_selected,
raw/page-0013.json#/notices/144,569607-2026,not_selected,
raw/page-0013.json#/notices/145,569534-2026,not_selected,
raw/page-0013.json#/notices/146,569478-2026,not_selected,
raw/page-0013.json#/notices/147,569437-2026,not_selected,
raw/page-0013.json#/notices/148,569401-2026,not_selected,
raw/page-0013.json#/notices/149,569366-2026,not_selected,
raw/page-0013.json#/notices/150,569364-2026,not_selected,
raw/page-0013.json#/notices/151,569361-2026,not_selected,
raw/page-0013.json#/notices/152,569220-2026,uncertain,INVALID_VALUE
raw/page-0013.json#/notices/153,569212-2026,not_selected,
raw/page-0013.json#/notices/154,569211-2026,not_selected,
raw/page-0013.json#/notices/155,569132-2026,not_selected,
raw/page-0013.json#/notices/156,569110-2026,not_selected,
raw/page-0013.json#/notices/157,569090-2026,not_selected,
raw/page-0013.json#/notices/158,569070-2026,not_selected,
raw/page-0013.json#/notices/159,569063-2026,not_selected,
raw/page-0013.json#/notices/160,569012-2026,not_selected,
raw/page-0013.json#/notices/161,568992-2026,not_selected,
raw/page-0013.json#/notices/162,568969-2026,not_selected,
raw/page-0013.json#/notices/163,568927-2026,not_selected,
raw/page-0013.json#/notices/164,568902-2026,not_selected,
raw/page-0013.json#/notices/165,568822-2026,not_selected,
raw/page-0013.json#/notices/166,568813-2026,not_selected,
raw/page-0013.json#/notices/167,568800-2026,not_selected,
raw/page-0013.json#/notices/168,568739-2026,uncertain,INVALID_VALUE
raw/page-0013.json#/notices/169,568650-2026,not_selected,
raw/page-0013.json#/notices/170,568567-2026,not_selected,
raw/page-0013.json#/notices/171,568451-2026,not_selected,
raw/page-0013.json#/notices/172,568398-2026,not_selected,
raw/page-0013.json#/notices/173,568388-2026,not_selected,
raw/page-0013.json#/notices/174,568317-2026,not_selected,
raw/page-0013.json#/notices/175,568248-2026,not_selected,
raw/page-0013.json#/notices/176,568199-2026,not_selected,
raw/page-0013.json#/notices/177,568181-2026,not_selected,
raw/page-0013.json#/notices/178,568176-2026,not_selected,
raw/page-0013.json#/notices/179,568163-2026,not_selected,
raw/page-0013.json#/notices/180,568144-2026,not_selected,
raw/page-0013.json#/notices/181,568143-2026,not_selected,
raw/page-0013.json#/notices/182,568128-2026,not_selected,
raw/page-0013.json#/notices/183,568079-2026,not_selected,
raw/page-0013.json#/notices/184,568042-2026,not_selected,
raw/page-0013.json#/notices/185,567808-2026,not_selected,
raw/page-0013.json#/notices/186,567805-2026,not_selected,
raw/page-0013.json#/notices/187,567793-2026,not_selected,
raw/page-0013.json#/notices/188,567717-2026,not_selected,
raw/page-0013.json#/notices/189,567648-2026,not_selected,
raw/page-0013.json#/notices/190,567630-2026,not_selected,
raw/page-0013.json#/notices/191,567593-2026,not_selected,
raw/page-0013.json#/notices/192,567573-2026,not_selected,
raw/page-0013.json#/notices/193,567530-2026,not_selected,
raw/page-0013.json#/notices/194,567520-2026,not_selected,
raw/page-0013.json#/notices/195,567499-2026,not_selected,
raw/page-0013.json#/notices/196,567478-2026,not_selected,
raw/page-0013.json#/notices/197,567425-2026,not_selected,
raw/page-0013.json#/notices/198,567406-2026,not_selected,
raw/page-0013.json#/notices/199,567389-2026,not_selected,
raw/page-0013.json#/notices/200,567355-2026,not_selected,
raw/page-0013.json#/notices/201,567351-2026,not_selected,
raw/page-0013.json#/notices/202,567312-2026,not_selected,
raw/page-0013.json#/notices/203,567232-2026,not_selected,
raw/page-0013.json#/notices/204,567158-2026,not_selected,
raw/page-0013.json#/notices/205,567139-2026,not_selected,
raw/page-0013.json#/notices/206,566999-2026,not_selected,
raw/page-0013.json#/notices/207,566995-2026,not_selected,
raw/page-0013.json#/notices/208,566988-2026,not_selected,
raw/page-0013.json#/notices/209,566938-2026,not_selected,
raw/page-0013.json#/notices/210,566910-2026,not_selected,
raw/page-0013.json#/notices/211,566879-2026,not_selected,
raw/page-0013.json#/notices/212,566763-2026,not_selected,
raw/page-0013.json#/notices/213,566656-2026,not_selected,
raw/page-0013.json#/notices/214,566622-2026,not_selected,
raw/page-0013.json#/notices/215,566599-2026,not_selected,
raw/page-0013.json#/notices/216,566598-2026,not_selected,
raw/page-0013.json#/notices/217,566567-2026,not_selected,
raw/page-0013.json#/notices/218,566539-2026,not_selected,
raw/page-0013.json#/notices/219,566503-2026,not_selected,
raw/page-0013.json#/notices/220,566457-2026,not_selected,
raw/page-0013.json#/notices/221,566426-2026,not_selected,
raw/page-0013.json#/notices/222,566260-2026,not_selected,
raw/page-0013.json#/notices/223,566078-2026,not_selected,
raw/page-0013.json#/notices/224,566068-2026,not_selected,
raw/page-0013.json#/notices/225,566024-2026,not_selected,
raw/page-0013.json#/notices/226,566002-2026,not_selected,
raw/page-0013.json#/notices/227,565999-2026,not_selected,
raw/page-0013.json#/notices/228,565987-2026,not_selected,
raw/page-0013.json#/notices/229,565974-2026,not_selected,
raw/page-0013.json#/notices/230,565912-2026,not_selected,
raw/page-0013.json#/notices/231,565807-2026,not_selected,
raw/page-0013.json#/notices/232,565786-2026,uncertain,INVALID_VALUE
raw/page-0013.json#/notices/233,565782-2026,not_selected,
raw/page-0013.json#/notices/234,565758-2026,not_selected,
raw/page-0013.json#/notices/235,565657-2026,not_selected,
raw/page-0013.json#/notices/236,565595-2026,not_selected,
raw/page-0013.json#/notices/237,565587-2026,not_selected,
raw/page-0013.json#/notices/238,565478-2026,not_selected,
raw/page-0013.json#/notices/239,565455-2026,not_selected,
raw/page-0013.json#/notices/240,565403-2026,not_selected,
raw/page-0013.json#/notices/241,565231-2026,not_selected,
raw/page-0013.json#/notices/242,565210-2026,not_selected,
raw/page-0013.json#/notices/243,565209-2026,not_selected,
raw/page-0013.json#/notices/244,565158-2026,not_selected,
raw/page-0013.json#/notices/245,565139-2026,not_selected,
raw/page-0013.json#/notices/246,565137-2026,not_selected,
raw/page-0013.json#/notices/247,565136-2026,not_selected,
raw/page-0013.json#/notices/248,565112-2026,not_selected,
raw/page-0013.json#/notices/249,565094-2026,not_selected,
raw/page-0014.json#/notices/0,565090-2026,not_selected,
raw/page-0014.json#/notices/1,565031-2026,not_selected,
raw/page-0014.json#/notices/2,565022-2026,not_selected,
raw/page-0014.json#/notices/3,564921-2026,not_selected,
raw/page-0014.json#/notices/4,564865-2026,not_selected,
raw/page-0014.json#/notices/5,564864-2026,not_selected,
raw/page-0014.json#/notices/6,564843-2026,not_selected,
raw/page-0014.json#/notices/7,564841-2026,not_selected,
raw/page-0014.json#/notices/8,564788-2026,not_selected,
raw/page-0014.json#/notices/9,564741-2026,not_selected,
raw/page-0014.json#/notices/10,564738-2026,not_selected,
raw/page-0014.json#/notices/11,564716-2026,not_selected,
raw/page-0014.json#/notices/12,564622-2026,not_selected,
raw/page-0014.json#/notices/13,564576-2026,not_selected,
raw/page-0014.json#/notices/14,564531-2026,not_selected,
raw/page-0014.json#/notices/15,564480-2026,not_selected,
raw/page-0014.json#/notices/16,564441-2026,not_selected,
raw/page-0014.json#/notices/17,564351-2026,not_selected,
raw/page-0014.json#/notices/18,564326-2026,not_selected,
raw/page-0014.json#/notices/19,564321-2026,not_selected,
raw/page-0014.json#/notices/20,564320-2026,not_selected,
raw/page-0014.json#/notices/21,564284-2026,not_selected,
raw/page-0014.json#/notices/22,564273-2026,not_selected,
raw/page-0014.json#/notices/23,564140-2026,not_selected,
raw/page-0014.json#/notices/24,564068-2026,not_selected,
raw/page-0014.json#/notices/25,564062-2026,not_selected,
raw/page-0014.json#/notices/26,564047-2026,not_selected,
raw/page-0014.json#/notices/27,564032-2026,not_selected,
raw/page-0014.json#/notices/28,564012-2026,not_selected,
raw/page-0014.json#/notices/29,564000-2026,not_selected,
raw/page-0014.json#/notices/30,563885-2026,not_selected,
raw/page-0014.json#/notices/31,563860-2026,not_selected,
raw/page-0014.json#/notices/32,563844-2026,not_selected,
raw/page-0014.json#/notices/33,563842-2026,not_selected,
raw/page-0014.json#/notices/34,563825-2026,not_selected,
raw/page-0014.json#/notices/35,563819-2026,not_selected,
raw/page-0014.json#/notices/36,563805-2026,not_selected,
raw/page-0014.json#/notices/37,563804-2026,not_selected,
raw/page-0014.json#/notices/38,563761-2026,not_selected,
raw/page-0014.json#/notices/39,563734-2026,not_selected,
raw/page-0014.json#/notices/40,563719-2026,not_selected,
raw/page-0014.json#/notices/41,563697-2026,not_selected,
raw/page-0014.json#/notices/42,563676-2026,not_selected,
raw/page-0014.json#/notices/43,563575-2026,not_selected,
raw/page-0014.json#/notices/44,563556-2026,not_selected,
raw/page-0014.json#/notices/45,563549-2026,not_selected,
raw/page-0014.json#/notices/46,563471-2026,not_selected,
raw/page-0014.json#/notices/47,563453-2026,not_selected,
raw/page-0014.json#/notices/48,563358-2026,not_selected,
raw/page-0014.json#/notices/49,563356-2026,not_selected,
raw/page-0014.json#/notices/50,563299-2026,not_selected,
raw/page-0014.json#/notices/51,563289-2026,not_selected,
raw/page-0014.json#/notices/52,563231-2026,not_selected,
raw/page-0014.json#/notices/53,563171-2026,not_selected,
raw/page-0014.json#/notices/54,563166-2026,not_selected,
raw/page-0014.json#/notices/55,563029-2026,not_selected,
raw/page-0014.json#/notices/56,562874-2026,not_selected,
raw/page-0014.json#/notices/57,562809-2026,not_selected,
raw/page-0014.json#/notices/58,562795-2026,not_selected,
raw/page-0014.json#/notices/59,562732-2026,not_selected,
raw/page-0014.json#/notices/60,562665-2026,not_selected,
raw/page-0014.json#/notices/61,562632-2026,not_selected,
raw/page-0014.json#/notices/62,562593-2026,not_selected,
raw/page-0014.json#/notices/63,562540-2026,not_selected,
raw/page-0014.json#/notices/64,562448-2026,not_selected,
raw/page-0014.json#/notices/65,562426-2026,not_selected,
raw/page-0014.json#/notices/66,562412-2026,not_selected,
raw/page-0014.json#/notices/67,562405-2026,not_selected,
raw/page-0014.json#/notices/68,562356-2026,not_selected,
raw/page-0014.json#/notices/69,562353-2026,not_selected,
raw/page-0014.json#/notices/70,562274-2026,not_selected,
raw/page-0014.json#/notices/71,562243-2026,not_selected,
raw/page-0014.json#/notices/72,562105-2026,not_selected,
raw/page-0014.json#/notices/73,561958-2026,not_selected,
raw/page-0014.json#/notices/74,561930-2026,not_selected,
raw/page-0014.json#/notices/75,561924-2026,not_selected,
raw/page-0014.json#/notices/76,561900-2026,not_selected,
raw/page-0014.json#/notices/77,561819-2026,not_selected,
raw/page-0014.json#/notices/78,561816-2026,not_selected,
raw/page-0014.json#/notices/79,561808-2026,not_selected,
raw/page-0014.json#/notices/80,561756-2026,not_selected,
raw/page-0014.json#/notices/81,561737-2026,not_selected,
raw/page-0014.json#/notices/82,561683-2026,not_selected,
raw/page-0014.json#/notices/83,561660-2026,not_selected,
raw/page-0014.json#/notices/84,561624-2026,not_selected,
raw/page-0014.json#/notices/85,561618-2026,not_selected,
raw/page-0014.json#/notices/86,561429-2026,not_selected,
raw/page-0014.json#/notices/87,561360-2026,not_selected,
raw/page-0014.json#/notices/88,561245-2026,not_selected,
raw/page-0014.json#/notices/89,561123-2026,not_selected,
raw/page-0014.json#/notices/90,561060-2026,not_selected,
raw/page-0014.json#/notices/91,561037-2026,not_selected,
raw/page-0014.json#/notices/92,560971-2026,not_selected,
raw/page-0014.json#/notices/93,560933-2026,not_selected,
raw/page-0014.json#/notices/94,560910-2026,not_selected,
raw/page-0014.json#/notices/95,560747-2026,not_selected,
raw/page-0014.json#/notices/96,560677-2026,not_selected,
raw/page-0014.json#/notices/97,560655-2026,not_selected,
raw/page-0014.json#/notices/98,560642-2026,not_selected,
raw/page-0014.json#/notices/99,560633-2026,not_selected,
raw/page-0014.json#/notices/100,560513-2026,not_selected,
raw/page-0014.json#/notices/101,560481-2026,not_selected,
raw/page-0014.json#/notices/102,560446-2026,not_selected,
raw/page-0014.json#/notices/103,560370-2026,not_selected,
raw/page-0014.json#/notices/104,560334-2026,not_selected,
raw/page-0014.json#/notices/105,560269-2026,not_selected,
raw/page-0014.json#/notices/106,560268-2026,not_selected,
raw/page-0014.json#/notices/107,560222-2026,not_selected,
raw/page-0014.json#/notices/108,560155-2026,not_selected,
raw/page-0014.json#/notices/109,560091-2026,not_selected,
raw/page-0014.json#/notices/110,560076-2026,not_selected,
raw/page-0014.json#/notices/111,559931-2026,not_selected,
raw/page-0014.json#/notices/112,559776-2026,not_selected,
raw/page-0014.json#/notices/113,559734-2026,not_selected,
raw/page-0014.json#/notices/114,559729-2026,not_selected,
raw/page-0014.json#/notices/115,559666-2026,not_selected,
raw/page-0014.json#/notices/116,559617-2026,not_selected,
raw/page-0014.json#/notices/117,559595-2026,not_selected,
raw/page-0014.json#/notices/118,559575-2026,not_selected,
raw/page-0014.json#/notices/119,559558-2026,not_selected,
raw/page-0014.json#/notices/120,559547-2026,not_selected,
raw/page-0014.json#/notices/121,559528-2026,not_selected,
raw/page-0014.json#/notices/122,559466-2026,not_selected,
raw/page-0014.json#/notices/123,559446-2026,not_selected,
raw/page-0014.json#/notices/124,559433-2026,not_selected,
raw/page-0014.json#/notices/125,559411-2026,not_selected,
raw/page-0014.json#/notices/126,559304-2026,not_selected,
raw/page-0014.json#/notices/127,559253-2026,not_selected,
raw/page-0014.json#/notices/128,559186-2026,not_selected,
raw/page-0014.json#/notices/129,559084-2026,not_selected,
raw/page-0014.json#/notices/130,559080-2026,not_selected,
raw/page-0014.json#/notices/131,558950-2026,not_selected,
raw/page-0014.json#/notices/132,558941-2026,not_selected,
raw/page-0014.json#/notices/133,558922-2026,not_selected,
raw/page-0014.json#/notices/134,558732-2026,not_selected,
raw/page-0014.json#/notices/135,558728-2026,uncertain,INVALID_VALUE
raw/page-0014.json#/notices/136,558713-2026,not_selected,
raw/page-0014.json#/notices/137,558657-2026,not_selected,
raw/page-0014.json#/notices/138,558647-2026,not_selected,
raw/page-0014.json#/notices/139,558524-2026,not_selected,
raw/page-0014.json#/notices/140,558472-2026,not_selected,
raw/page-0014.json#/notices/141,558375-2026,not_selected,
raw/page-0014.json#/notices/142,558330-2026,not_selected,
raw/page-0014.json#/notices/143,558289-2026,not_selected,
raw/page-0014.json#/notices/144,558183-2026,not_selected,
raw/page-0014.json#/notices/145,558130-2026,not_selected,
raw/page-0014.json#/notices/146,557950-2026,not_selected,
raw/page-0014.json#/notices/147,557863-2026,not_selected,
raw/page-0014.json#/notices/148,557850-2026,not_selected,
raw/page-0014.json#/notices/149,557831-2026,not_selected,
raw/page-0014.json#/notices/150,557778-2026,not_selected,
raw/page-0014.json#/notices/151,557738-2026,not_selected,
raw/page-0014.json#/notices/152,557735-2026,not_selected,
raw/page-0014.json#/notices/153,557701-2026,not_selected,
raw/page-0014.json#/notices/154,557689-2026,not_selected,
raw/page-0014.json#/notices/155,557633-2026,not_selected,
raw/page-0014.json#/notices/156,557521-2026,not_selected,
raw/page-0014.json#/notices/157,557479-2026,not_selected,
raw/page-0014.json#/notices/158,557439-2026,not_selected,
raw/page-0014.json#/notices/159,557427-2026,not_selected,
raw/page-0014.json#/notices/160,557355-2026,not_selected,
raw/page-0014.json#/notices/161,557274-2026,not_selected,
raw/page-0014.json#/notices/162,557267-2026,not_selected,
raw/page-0014.json#/notices/163,557166-2026,uncertain,INVALID_VALUE
raw/page-0014.json#/notices/164,557128-2026,not_selected,
raw/page-0014.json#/notices/165,556940-2026,not_selected,
raw/page-0014.json#/notices/166,556935-2026,not_selected,
raw/page-0014.json#/notices/167,556893-2026,not_selected,
raw/page-0014.json#/notices/168,556876-2026,not_selected,
raw/page-0014.json#/notices/169,556848-2026,not_selected,
raw/page-0014.json#/notices/170,556797-2026,not_selected,
raw/page-0014.json#/notices/171,556735-2026,not_selected,
raw/page-0014.json#/notices/172,556729-2026,not_selected,
raw/page-0014.json#/notices/173,556714-2026,not_selected,
raw/page-0014.json#/notices/174,556664-2026,not_selected,
raw/page-0014.json#/notices/175,556645-2026,not_selected,
raw/page-0014.json#/notices/176,556589-2026,not_selected,
raw/page-0014.json#/notices/177,556515-2026,not_selected,
raw/page-0014.json#/notices/178,556511-2026,not_selected,
raw/page-0014.json#/notices/179,556494-2026,not_selected,
raw/page-0014.json#/notices/180,556436-2026,not_selected,
raw/page-0014.json#/notices/181,556434-2026,not_selected,
raw/page-0014.json#/notices/182,556377-2026,not_selected,
raw/page-0014.json#/notices/183,556355-2026,not_selected,
raw/page-0014.json#/notices/184,556292-2026,not_selected,
raw/page-0014.json#/notices/185,556273-2026,not_selected,
raw/page-0014.json#/notices/186,556256-2026,not_selected,
raw/page-0014.json#/notices/187,556248-2026,not_selected,
raw/page-0014.json#/notices/188,556244-2026,not_selected,
raw/page-0014.json#/notices/189,556153-2026,not_selected,
raw/page-0014.json#/notices/190,556055-2026,not_selected,
raw/page-0014.json#/notices/191,556021-2026,not_selected,
raw/page-0014.json#/notices/192,556018-2026,not_selected,
raw/page-0014.json#/notices/193,555860-2026,not_selected,
raw/page-0014.json#/notices/194,555800-2026,not_selected,
raw/page-0014.json#/notices/195,555782-2026,not_selected,
raw/page-0014.json#/notices/196,555765-2026,not_selected,
raw/page-0014.json#/notices/197,555763-2026,not_selected,
raw/page-0014.json#/notices/198,555752-2026,not_selected,
raw/page-0014.json#/notices/199,555750-2026,not_selected,
raw/page-0014.json#/notices/200,555748-2026,not_selected,
raw/page-0014.json#/notices/201,555720-2026,not_selected,
raw/page-0014.json#/notices/202,555684-2026,not_selected,
raw/page-0014.json#/notices/203,555681-2026,not_selected,
raw/page-0014.json#/notices/204,555534-2026,not_selected,
raw/page-0014.json#/notices/205,555432-2026,not_selected,
raw/page-0014.json#/notices/206,555424-2026,not_selected,
raw/page-0014.json#/notices/207,555409-2026,not_selected,
raw/page-0014.json#/notices/208,555400-2026,not_selected,
raw/page-0014.json#/notices/209,555399-2026,not_selected,
raw/page-0014.json#/notices/210,555380-2026,not_selected,
raw/page-0014.json#/notices/211,555367-2026,not_selected,
raw/page-0014.json#/notices/212,555333-2026,not_selected,
raw/page-0014.json#/notices/213,555050-2026,not_selected,
raw/page-0014.json#/notices/214,554915-2026,not_selected,
raw/page-0014.json#/notices/215,554895-2026,not_selected,
raw/page-0014.json#/notices/216,554894-2026,not_selected,
raw/page-0014.json#/notices/217,554880-2026,not_selected,
raw/page-0014.json#/notices/218,554830-2026,not_selected,
raw/page-0014.json#/notices/219,554829-2026,not_selected,
raw/page-0014.json#/notices/220,554812-2026,not_selected,
raw/page-0014.json#/notices/221,554810-2026,not_selected,
raw/page-0014.json#/notices/222,554805-2026,not_selected,
raw/page-0014.json#/notices/223,554794-2026,not_selected,
raw/page-0014.json#/notices/224,554769-2026,not_selected,
raw/page-0014.json#/notices/225,554718-2026,not_selected,
raw/page-0014.json#/notices/226,554636-2026,not_selected,
raw/page-0014.json#/notices/227,554634-2026,not_selected,
raw/page-0014.json#/notices/228,554499-2026,not_selected,
raw/page-0014.json#/notices/229,554472-2026,not_selected,
raw/page-0014.json#/notices/230,554356-2026,not_selected,
raw/page-0014.json#/notices/231,554344-2026,not_selected,
raw/page-0014.json#/notices/232,554293-2026,not_selected,
raw/page-0014.json#/notices/233,554246-2026,not_selected,
raw/page-0014.json#/notices/234,554214-2026,not_selected,
raw/page-0014.json#/notices/235,554155-2026,not_selected,
raw/page-0014.json#/notices/236,554073-2026,not_selected,
raw/page-0014.json#/notices/237,554037-2026,not_selected,
raw/page-0014.json#/notices/238,553905-2026,not_selected,
raw/page-0014.json#/notices/239,553894-2026,not_selected,
raw/page-0014.json#/notices/240,553891-2026,not_selected,
raw/page-0014.json#/notices/241,553841-2026,not_selected,
raw/page-0014.json#/notices/242,553805-2026,not_selected,
raw/page-0014.json#/notices/243,553783-2026,not_selected,
raw/page-0014.json#/notices/244,553675-2026,not_selected,
raw/page-0014.json#/notices/245,553667-2026,not_selected,
raw/page-0014.json#/notices/246,553658-2026,not_selected,
raw/page-0014.json#/notices/247,553577-2026,not_selected,
raw/page-0014.json#/notices/248,553497-2026,not_selected,
raw/page-0014.json#/notices/249,553460-2026,not_selected,
raw/page-0015.json#/notices/0,553420-2026,not_selected,
raw/page-0015.json#/notices/1,553415-2026,not_selected,
raw/page-0015.json#/notices/2,553412-2026,not_selected,
raw/page-0015.json#/notices/3,553347-2026,not_selected,
raw/page-0015.json#/notices/4,553300-2026,not_selected,
raw/page-0015.json#/notices/5,553292-2026,not_selected,
raw/page-0015.json#/notices/6,553270-2026,not_selected,
raw/page-0015.json#/notices/7,553252-2026,not_selected,
raw/page-0015.json#/notices/8,553128-2026,not_selected,
raw/page-0015.json#/notices/9,553117-2026,not_selected,
raw/page-0015.json#/notices/10,553084-2026,not_selected,
raw/page-0015.json#/notices/11,553071-2026,not_selected,
raw/page-0015.json#/notices/12,553025-2026,not_selected,
raw/page-0015.json#/notices/13,553002-2026,not_selected,
raw/page-0015.json#/notices/14,552990-2026,not_selected,
raw/page-0015.json#/notices/15,552952-2026,not_selected,
raw/page-0015.json#/notices/16,552937-2026,not_selected,
raw/page-0015.json#/notices/17,552934-2026,not_selected,
raw/page-0015.json#/notices/18,552920-2026,not_selected,
raw/page-0015.json#/notices/19,552689-2026,not_selected,
raw/page-0015.json#/notices/20,552656-2026,not_selected,
raw/page-0015.json#/notices/21,552589-2026,not_selected,
raw/page-0015.json#/notices/22,552479-2026,not_selected,
raw/page-0015.json#/notices/23,552459-2026,not_selected,
raw/page-0015.json#/notices/24,552430-2026,not_selected,
raw/page-0015.json#/notices/25,552367-2026,not_selected,
raw/page-0015.json#/notices/26,552200-2026,not_selected,
raw/page-0015.json#/notices/27,552147-2026,not_selected,
raw/page-0015.json#/notices/28,552143-2026,not_selected,
raw/page-0015.json#/notices/29,551996-2026,not_selected,
raw/page-0015.json#/notices/30,551989-2026,not_selected,
raw/page-0015.json#/notices/31,551975-2026,not_selected,
raw/page-0015.json#/notices/32,551955-2026,not_selected,
raw/page-0015.json#/notices/33,551950-2026,not_selected,
raw/page-0015.json#/notices/34,551947-2026,not_selected,
raw/page-0015.json#/notices/35,551907-2026,not_selected,
raw/page-0015.json#/notices/36,551756-2026,not_selected,
raw/page-0015.json#/notices/37,551658-2026,not_selected,
raw/page-0015.json#/notices/38,551633-2026,not_selected,
raw/page-0015.json#/notices/39,551612-2026,not_selected,
raw/page-0015.json#/notices/40,551586-2026,uncertain,INVALID_VALUE
raw/page-0015.json#/notices/41,551527-2026,not_selected,
raw/page-0015.json#/notices/42,551500-2026,not_selected,
raw/page-0015.json#/notices/43,551460-2026,not_selected,
raw/page-0015.json#/notices/44,551328-2026,not_selected,
raw/page-0015.json#/notices/45,551274-2026,not_selected,
raw/page-0015.json#/notices/46,551254-2026,not_selected,
raw/page-0015.json#/notices/47,551211-2026,not_selected,
raw/page-0015.json#/notices/48,551209-2026,not_selected,
raw/page-0015.json#/notices/49,551119-2026,not_selected,
raw/page-0015.json#/notices/50,551101-2026,not_selected,
raw/page-0015.json#/notices/51,551061-2026,not_selected,
raw/page-0015.json#/notices/52,551043-2026,not_selected,
raw/page-0015.json#/notices/53,551037-2026,not_selected,
raw/page-0015.json#/notices/54,550899-2026,not_selected,
raw/page-0015.json#/notices/55,550883-2026,not_selected,
raw/page-0015.json#/notices/56,550854-2026,not_selected,
raw/page-0015.json#/notices/57,550739-2026,not_selected,
raw/page-0015.json#/notices/58,550737-2026,not_selected,
raw/page-0015.json#/notices/59,550714-2026,not_selected,
raw/page-0015.json#/notices/60,550688-2026,not_selected,
raw/page-0015.json#/notices/61,550642-2026,not_selected,
raw/page-0015.json#/notices/62,550639-2026,not_selected,
raw/page-0015.json#/notices/63,550620-2026,not_selected,
raw/page-0015.json#/notices/64,550604-2026,not_selected,
raw/page-0015.json#/notices/65,550560-2026,not_selected,
raw/page-0015.json#/notices/66,550537-2026,not_selected,
raw/page-0015.json#/notices/67,550477-2026,not_selected,
raw/page-0015.json#/notices/68,550464-2026,not_selected,
raw/page-0015.json#/notices/69,550461-2026,not_selected,
raw/page-0015.json#/notices/70,550423-2026,not_selected,
raw/page-0015.json#/notices/71,550410-2026,not_selected,
raw/page-0015.json#/notices/72,550348-2026,not_selected,
raw/page-0015.json#/notices/73,550335-2026,not_selected,
raw/page-0015.json#/notices/74,550252-2026,not_selected,
raw/page-0015.json#/notices/75,550245-2026,not_selected,
raw/page-0015.json#/notices/76,550097-2026,not_selected,
raw/page-0015.json#/notices/77,550088-2026,not_selected,
raw/page-0015.json#/notices/78,550007-2026,not_selected,
raw/page-0015.json#/notices/79,550004-2026,not_selected,
raw/page-0015.json#/notices/80,549939-2026,not_selected,
raw/page-0015.json#/notices/81,549908-2026,not_selected,
raw/page-0015.json#/notices/82,549827-2026,not_selected,
raw/page-0015.json#/notices/83,549687-2026,not_selected,
raw/page-0015.json#/notices/84,549673-2026,not_selected,
raw/page-0015.json#/notices/85,549669-2026,not_selected,
raw/page-0015.json#/notices/86,549501-2026,not_selected,
raw/page-0015.json#/notices/87,549414-2026,not_selected,
raw/page-0015.json#/notices/88,549360-2026,not_selected,
raw/page-0015.json#/notices/89,549329-2026,not_selected,
raw/page-0015.json#/notices/90,549280-2026,not_selected,
raw/page-0015.json#/notices/91,549272-2026,not_selected,
raw/page-0015.json#/notices/92,549250-2026,not_selected,
raw/page-0015.json#/notices/93,549165-2026,not_selected,
raw/page-0015.json#/notices/94,549123-2026,not_selected,
raw/page-0015.json#/notices/95,549117-2026,not_selected,
raw/page-0015.json#/notices/96,549116-2026,not_selected,
raw/page-0015.json#/notices/97,549110-2026,not_selected,
raw/page-0015.json#/notices/98,549088-2026,not_selected,
raw/page-0015.json#/notices/99,549054-2026,not_selected,
raw/page-0015.json#/notices/100,549041-2026,not_selected,
raw/page-0015.json#/notices/101,548992-2026,not_selected,
raw/page-0015.json#/notices/102,548877-2026,not_selected,
raw/page-0015.json#/notices/103,548814-2026,not_selected,
raw/page-0015.json#/notices/104,548701-2026,not_selected,
raw/page-0015.json#/notices/105,548673-2026,uncertain,INVALID_VALUE
raw/page-0015.json#/notices/106,548409-2026,not_selected,
raw/page-0015.json#/notices/107,548391-2026,not_selected,
raw/page-0015.json#/notices/108,548358-2026,not_selected,
raw/page-0015.json#/notices/109,548294-2026,not_selected,
raw/page-0015.json#/notices/110,548163-2026,not_selected,
raw/page-0015.json#/notices/111,548160-2026,not_selected,
raw/page-0015.json#/notices/112,548133-2026,not_selected,
raw/page-0015.json#/notices/113,548130-2026,not_selected,
raw/page-0015.json#/notices/114,548051-2026,not_selected,
raw/page-0015.json#/notices/115,548018-2026,not_selected,
raw/page-0015.json#/notices/116,548000-2026,not_selected,
raw/page-0015.json#/notices/117,547977-2026,not_selected,
raw/page-0015.json#/notices/118,547959-2026,not_selected,
raw/page-0015.json#/notices/119,547953-2026,not_selected,
raw/page-0015.json#/notices/120,547938-2026,not_selected,
raw/page-0015.json#/notices/121,547873-2026,not_selected,
raw/page-0015.json#/notices/122,547812-2026,not_selected,
raw/page-0015.json#/notices/123,547725-2026,not_selected,
raw/page-0015.json#/notices/124,547650-2026,not_selected,
raw/page-0015.json#/notices/125,547474-2026,not_selected,
raw/page-0015.json#/notices/126,547465-2026,not_selected,
raw/page-0015.json#/notices/127,547441-2026,not_selected,
raw/page-0015.json#/notices/128,547440-2026,not_selected,
raw/page-0015.json#/notices/129,547417-2026,not_selected,
raw/page-0015.json#/notices/130,547415-2026,not_selected,
raw/page-0015.json#/notices/131,547266-2026,not_selected,
raw/page-0015.json#/notices/132,547212-2026,not_selected,
raw/page-0015.json#/notices/133,547167-2026,not_selected,
raw/page-0015.json#/notices/134,547121-2026,not_selected,
raw/page-0015.json#/notices/135,547117-2026,not_selected,
raw/page-0015.json#/notices/136,547083-2026,not_selected,
raw/page-0015.json#/notices/137,547082-2026,not_selected,
raw/page-0015.json#/notices/138,547051-2026,not_selected,
raw/page-0015.json#/notices/139,546981-2026,not_selected,
raw/page-0015.json#/notices/140,546962-2026,not_selected,
raw/page-0015.json#/notices/141,546920-2026,not_selected,
raw/page-0015.json#/notices/142,546895-2026,not_selected,
raw/page-0015.json#/notices/143,546887-2026,not_selected,
raw/page-0015.json#/notices/144,546869-2026,not_selected,
raw/page-0015.json#/notices/145,546782-2026,not_selected,
raw/page-0015.json#/notices/146,546771-2026,not_selected,
raw/page-0015.json#/notices/147,546736-2026,not_selected,
raw/page-0015.json#/notices/148,546677-2026,not_selected,
raw/page-0015.json#/notices/149,546656-2026,not_selected,
raw/page-0015.json#/notices/150,546646-2026,not_selected,
raw/page-0015.json#/notices/151,546583-2026,not_selected,
raw/page-0015.json#/notices/152,546556-2026,not_selected,
raw/page-0015.json#/notices/153,546355-2026,not_selected,
raw/page-0015.json#/notices/154,546327-2026,not_selected,
raw/page-0015.json#/notices/155,546206-2026,not_selected,
raw/page-0015.json#/notices/156,546194-2026,not_selected,
raw/page-0015.json#/notices/157,546120-2026,not_selected,
raw/page-0015.json#/notices/158,546001-2026,not_selected,
raw/page-0015.json#/notices/159,545984-2026,not_selected,
raw/page-0015.json#/notices/160,545982-2026,not_selected,
raw/page-0015.json#/notices/161,545954-2026,not_selected,
raw/page-0015.json#/notices/162,545950-2026,not_selected,
raw/page-0015.json#/notices/163,545906-2026,not_selected,
raw/page-0015.json#/notices/164,545842-2026,not_selected,
raw/page-0015.json#/notices/165,545838-2026,not_selected,
raw/page-0015.json#/notices/166,545774-2026,not_selected,
raw/page-0015.json#/notices/167,545740-2026,not_selected,
raw/page-0015.json#/notices/168,545548-2026,not_selected,
raw/page-0015.json#/notices/169,545522-2026,not_selected,
raw/page-0015.json#/notices/170,545427-2026,not_selected,
raw/page-0015.json#/notices/171,545242-2026,not_selected,
raw/page-0015.json#/notices/172,545165-2026,not_selected,
raw/page-0015.json#/notices/173,545149-2026,not_selected,
raw/page-0015.json#/notices/174,545127-2026,not_selected,
raw/page-0015.json#/notices/175,545118-2026,not_selected,
raw/page-0015.json#/notices/176,545110-2026,not_selected,
raw/page-0015.json#/notices/177,545099-2026,not_selected,
raw/page-0015.json#/notices/178,545054-2026,not_selected,
raw/page-0015.json#/notices/179,545038-2026,not_selected,
raw/page-0015.json#/notices/180,544833-2026,not_selected,
raw/page-0015.json#/notices/181,544792-2026,not_selected,
raw/page-0015.json#/notices/182,544785-2026,not_selected,
raw/page-0015.json#/notices/183,544775-2026,not_selected,
raw/page-0015.json#/notices/184,544742-2026,not_selected,
raw/page-0015.json#/notices/185,544715-2026,not_selected,
raw/page-0015.json#/notices/186,544705-2026,not_selected,
raw/page-0015.json#/notices/187,544670-2026,not_selected,
raw/page-0015.json#/notices/188,544666-2026,not_selected,
raw/page-0015.json#/notices/189,544627-2026,not_selected,
raw/page-0015.json#/notices/190,544587-2026,not_selected,
raw/page-0015.json#/notices/191,544556-2026,not_selected,
raw/page-0015.json#/notices/192,544540-2026,not_selected,
raw/page-0015.json#/notices/193,544518-2026,not_selected,
raw/page-0015.json#/notices/194,544440-2026,not_selected,
raw/page-0015.json#/notices/195,544378-2026,not_selected,
raw/page-0015.json#/notices/196,544315-2026,not_selected,
raw/page-0015.json#/notices/197,544296-2026,not_selected,
raw/page-0015.json#/notices/198,544295-2026,not_selected,
raw/page-0015.json#/notices/199,544204-2026,not_selected,
raw/page-0015.json#/notices/200,544140-2026,not_selected,
raw/page-0015.json#/notices/201,544120-2026,not_selected,
raw/page-0015.json#/notices/202,544090-2026,not_selected,
raw/page-0015.json#/notices/203,543936-2026,not_selected,
raw/page-0015.json#/notices/204,543906-2026,not_selected,
raw/page-0015.json#/notices/205,543897-2026,uncertain,INVALID_VALUE
raw/page-0015.json#/notices/206,543834-2026,not_selected,
raw/page-0015.json#/notices/207,543803-2026,not_selected,
raw/page-0015.json#/notices/208,543798-2026,not_selected,
